run, name, in_degree, out_degree, total_degree, distance, exp_utility, exp_gini, mutual_info, exp_independent, size_before, min, max
1, EXPCO2, 2, 0, 2, 1, 0.1582275839753129, 0.146654162772894, 0.41091979682528845, 26.501493476375817, 24, 24, 31
1, PVSAT, 2, 1, 3, 2, 0.08329803265078733, 0.06417031506090032, 0.16653062898716298, 26.098084882901215, 24, 25, 28
1, SAO2, 2, 1, 3, 2, 0.0755685273017768, 0.05044726022714091, 0.1359705684994743, 24.79310790152949, 24, 22, 25
1, SHUNT, 2, 1, 3, 3, 0.07060850826648996, 0.029625347061135787, 0.08215860505169681, 23.758269376617136, 24, 13, 25
1, INTUBATION, 0, 5, 5, 2, 0.15846627534832314, 0.14156055738798617, 0.3250887285736992, 28.893578665903846, 24, 28, 29
1, PRESS, 3, 0, 3, 3, 0.11636578734337769, 0.053875192004990635, 0.13568738734218255, 23.323148270876672, 24, 17, 24
1, VENTTUBE, 2, 2, 4, 3, 0.04014062320432467, 0.022797793832138924, 0.056301404431920776, 24.949990675738103, 24, 23, 26
1, VENTALV, 2, 2, 4, 1, 0.19989629614108845, 0.18834784558053758, 0.4446021053142464, 30.06841176134268, 24, 30, 31
2, EXPCO2, 2, 0, 2, 1, 0.04825821633393686, 0.02405699027906083, 0.06957909910816573, 23.32835271355562, 24, 21, 30
2, MINVOL, 2, 0, 2, 3, 0.2879509375327465, 0.2305392438100816, 0.5123979123353748, 28.301384970519198, 24, 25, 29
2, PVSAT, 2, 1, 3, 2, 0.279524987033734, 0.24337480727125618, 0.5464366509813054, 30.608393611990003, 24, 28, 31
2, SAO2, 2, 1, 3, 2, 0.2553124407026134, 0.20624088639149415, 0.44412391969500054, 28.38697475273671, 24, 14, 29
2, DISCONNECT, 0, 1, 1, 4, 0.07392312219607303, 0.026809358486269252, 0.05229305267357631, 23.100000002050322, 24, 15, 24
2, MINVOLSET, 0, 1, 1, 5, 0.09238888632619086, 0.04430132400580644, 0.08433610941198266, 23.75000000074138, 24, 21, 24
2, VENTMACH, 1, 1, 2, 4, 0.1454575414037846, 0.07234841426772481, 0.14291525777157632, 25.45800000154689, 24, 22, 26
2, VENTTUBE, 2, 2, 4, 3, 0.2311312972118259, 0.1332958300093074, 0.28794361794994927, 27.071392002646483, 24, 24, 29
2, VENTLUNG, 3, 3, 6, 2, 0.2715072966440095, 0.19751827605450073, 0.437508177840645, 28.396364568894647, 24, 25, 33
2, VENTALV, 2, 2, 4, 1, 0.3417500729672338, 0.31815716297999447, 0.7548939612673523, 33.8101725784848, 24, 33, 34
2, CATECHOL, 4, 1, 5, 1, 0.08873438640037015, 0.037474159803629226, 0.07444862810219299, 24.516605167455904, 24, 20, 25
3, MINVOL, 2, 0, 2, 3, 0.2852550802005687, 0.19228988531083802, 0.42918037682697974, 27.75402167712833, 28, 18, 30
3, PVSAT, 2, 1, 3, 2, 0.28534735338060013, 0.24074348737992762, 0.5315044836807731, 30.685065513425958, 28, 28, 31
3, SAO2, 2, 1, 3, 2, 0.2644249890113648, 0.20886371367771767, 0.4453197159749972, 28.63352782836123, 28, 24, 30
3, VENTLUNG, 3, 3, 6, 2, 0.29434846332247944, 0.2536041902788666, 0.5625558112220853, 30.52481499551172, 28, 25, 32
3, VENTALV, 2, 2, 4, 1, 0.34745662365966545, 0.32158277520764544, 0.7532625586120726, 33.00000000000001, 28, 33, 33
3, CATECHOL, 4, 1, 5, 1, 0.09517947476525458, 0.04152460789450757, 0.0804240165932355, 27.38031479161109, 28, 22, 28
4, EXPCO2, 2, 0, 2, 1, 0.04825821632759997, 0.024056990274595014, 0.06957909909320847, 24.32835271358867, 25, 22, 31
4, MINVOL, 2, 0, 2, 3, 0.2879509374770974, 0.23053924375848556, 0.5123979122524539, 29.301384970670135, 25, 26, 30
4, PVSAT, 2, 1, 3, 2, 0.2793335988143284, 0.2403356420069189, 0.5449874068311711, 31.605371797301324, 25, 14, 32
4, SAO2, 2, 1, 3, 2, 0.25841293266680654, 0.2077295718338694, 0.4520951500673427, 28.97827396353435, 25, 14, 30
4, DISCONNECT, 0, 1, 1, 4, 0.07392312218095481, 0.02680935847797722, 0.052293052663469175, 24.100000002172024, 25, 16, 25
4, MINVOLSET, 0, 1, 1, 5, 0.09238888630608083, 0.04430132399326381, 0.08433610939590608, 24.75000000078723, 25, 22, 25
4, VENTMACH, 1, 1, 2, 4, 0.145457541372551, 0.07234841424615501, 0.14291525774329994, 26.45800000164182, 25, 23, 27
4, VENTTUBE, 2, 2, 4, 3, 0.23113129716265188, 0.1332958299681174, 0.2879436178893091, 28.05601600279306, 25, 25, 29
4, VENTLUNG, 3, 3, 6, 2, 0.2715072965839742, 0.19751827599887137, 0.4375081777506181, 29.39636456906131, 25, 26, 34
4, VENTALV, 2, 2, 4, 1, 0.3417500729070718, 0.31815716292309815, 0.754893961165424, 34.81017257854291, 25, 34, 35
4, CATECHOL, 4, 1, 5, 1, 0.09331574852012305, 0.040368943564124515, 0.07997473030274771, 25.599462871466383, 25, 22, 26
5, STROKEVOLUME, 2, 1, 3, 2, 0.031926395442515756, 0.013983709065645333, 0.0418752326865901, 28.820000000000004, 29, 24, 29
5, TPR, 1, 2, 3, 1, 0.2455545449632216, 0.13263810151793742, 0.30223611656900107, 30.634934012346626, 29, 30, 32
5, CATECHOL, 4, 1, 5, 2, 0.038880335888727066, 0.012184854625565289, 0.022119303408934865, 28.942262333905287, 29, 28, 29
5, CO, 2, 1, 3, 1, 0.14416596285217304, 0.05562365807296532, 0.1340487068518419, 29.832375438471686, 29, 29, 30
6, TPR, 1, 2, 3, 1, 0.2625271597920741, 0.14236036891527082, 0.3220600690037274, 31.306800000450632, 30, 31, 32
6, CATECHOL, 4, 1, 5, 2, 0.04735829354165755, 0.014585002686248572, 0.026230753704120202, 29.927669879244746, 30, 29, 30
6, CO, 2, 1, 3, 1, 0.11806129484353753, 0.039384350314663585, 0.08801343739121426, 29.834608885976856, 30, 29, 30
7, HISTORY, 1, 0, 1, 4, 0.02878434407843711, 0.007417615203871519, 0.014835562177790251, 13.872, 10, 13, 29
7, CVP, 1, 0, 1, 5, 0.05308225813120539, 0.0066133098235995336, 0.012176361138969582, 23.384693999999996, 10, 22, 28
7, PCWP, 1, 0, 1, 5, 0.06359330491051121, 0.00854619808652457, 0.015720822059622552, 23.698944, 10, 22, 28
7, HYPOVOLEMIA, 0, 2, 2, 3, 0.05765332303619783, 0.009544795679752749, 0.01781379746391698, 23.8, 10, 22, 31
7, LVEDVOLUME, 2, 2, 4, 4, 0.06988275264891353, 0.011111687143385507, 0.02060286562317959, 26.1924, 10, 25, 29
7, LVFAILURE, 0, 3, 3, 3, 0.032341959638693386, 0.010158947422951536, 0.021529562449240425, 16.75, 10, 16, 31
7, STROKEVOLUME, 2, 1, 3, 2, 0.12375382124492157, 0.04786059864103409, 0.1017262033861388, 28.8444, 10, 28, 32
7, HRBP, 2, 0, 2, 3, 0.0451190339756985, 0.011813488514191284, 0.030615379875228443, 13.843638402792475, 10, 12, 25
7, HREKG, 2, 0, 2, 3, 0.03945000522965418, 0.011090552291510347, 0.028786847512534575, 11.029425646286377, 10, 5, 19
7, HRSAT, 2, 0, 2, 3, 0.03945000522965418, 0.011090552291510347, 0.028786847512534575, 11.029425646286377, 10, 5, 19
7, ANAPHYLAXIS, 0, 1, 1, 2, 0.007674489758131434, 0.004388644674634845, 0.009175394113283275, 10.240000000473154, 10, 10, 34
7, TPR, 1, 2, 3, 1, 0.2425555596033976, 0.20963392892995508, 0.45774443692954625, 28.36519999693978, 10, 22, 35
7, EXPCO2, 2, 0, 2, 4, 0.003135835908731196, 1.0500853022532564E-4, 2.563742391645807E-4, 9.682700664854394, 10, 9, 16
7, MINVOL, 2, 0, 2, 6, 0.019717059091258905, 9.917064020040778E-4, 0.0024212086480708273, 14.319706962899271, 10, 13, 16
7, PVSAT, 2, 1, 3, 4, 0.02014752666157466, 0.001102407914866932, 0.002686913212806008, 16.737694928380698, 10, 9, 21
7, SAO2, 2, 1, 3, 3, 0.019513536954656227, 0.0010301333949918057, 0.0025113249132333593, 14.905284156604232, 10, 10, 20
7, DISCONNECT, 0, 1, 1, 7, 0.005117974708745402, 1.2390258800909493E-4, 3.0323529506293134E-4, 9.80000000048267, 10, 8, 10
7, MINVOLSET, 0, 1, 1, 8, 0.006469345167066667, 2.0207059547472372E-4, 4.934280810131586E-4, 9.900000000305518, 10, 9, 10
7, VENTMACH, 1, 1, 2, 7, 0.010158230772599221, 3.3070615086017163E-4, 8.084801180059387E-4, 10.83800000047957, 10, 10, 11
7, VENTTUBE, 2, 2, 4, 6, 0.016107032455714352, 6.092130540961138E-4, 0.0014911241110391327, 12.600208001009873, 10, 11, 13
7, VENTLUNG, 3, 3, 6, 5, 0.019009004731012392, 8.650552203069983E-4, 0.0021146072401834193, 13.332102611538646, 10, 13, 16
7, VENTALV, 2, 2, 4, 4, 0.02293772368234319, 0.0012855118657485454, 0.003137568969932447, 19.60968676920964, 10, 19, 22
7, ARTCO2, 1, 2, 3, 3, 0.024102602812803423, 0.0013584950754932379, 0.0033181786453586604, 20.72577449982109, 10, 20, 23
7, CATECHOL, 4, 1, 5, 2, 0.002484874840715096, 0.010803511503156726, 0.027446532797708922, 9.799731435733193, 10, 8, 10
7, HR, 1, 4, 5, 2, 0.049595631636575946, 0.015676772149169182, 0.03993047754656698, 16.305401851099838, 10, 14, 32
7, CO, 2, 1, 3, 1, 0.17346750420499396, 0.08054212498592783, 0.17807731270498728, 32.815532641984035, 10, 32, 33
8, ERRCAUTER, 0, 2, 2, 3, 0.01059518251556007, 0.005317570787289262, 0.023003745453344784, 30.81862350581615, 31, 14, 31
8, HR, 1, 4, 5, 1, 0.018302181687359902, 0.009616846201846399, 0.04252619154259428, 31.78298319339946, 31, 17, 32
9, HISTORY, 1, 0, 1, 3, 0.0017502759451044098, 1.3347317991740937E-4, 2.3627434163064898E-4, 18.1091169451074, 18, 18, 27
9, HYPOVOLEMIA, 0, 2, 2, 2, 0.10278311229967205, 0.03633655823057769, 0.07594460579085238, 25.183293556085918, 18, 25, 26
9, LVFAILURE, 0, 3, 3, 2, 0.001966602185510613, 8.476524780520744E-4, 0.0017157782509940045, 19.033412887828163, 18, 19, 33
9, STROKEVOLUME, 2, 1, 3, 1, 0.3750984070083453, 0.30124156507779465, 0.6814468482741468, 31.16634844868735, 18, 29, 34
9, HRBP, 2, 0, 2, 2, 0.14667941718245603, 0.06291229766439643, 0.16511050015230655, 27.205535992317593, 18, 11, 29
9, HREKG, 2, 0, 2, 2, 0.13893964463962016, 0.059465979018238135, 0.15658733358943655, 25.801790305765415, 18, 24, 26
9, HRSAT, 2, 0, 2, 2, 0.13893964463962016, 0.059465979018238135, 0.15658733358943655, 25.801790305765415, 18, 24, 26
9, TPR, 1, 2, 3, 2, 0.05260028843260828, 0.005582071762365137, 0.013802732514226257, 21.14740002021866, 18, 11, 26
9, MINVOL, 2, 0, 2, 6, 0.03490164341042777, 0.0030861973523096387, 0.007578128584920574, 19.21779865975256, 18, 12, 21
9, PVSAT, 2, 1, 3, 4, 0.03584272928961024, 0.0034621159160864723, 0.008467940123773499, 22.220519074715156, 18, 15, 24
9, SAO2, 2, 1, 3, 3, 0.03480969959889199, 0.0032567832632582894, 0.007970932520495966, 21.588731953174467, 18, 12, 24
9, VENTTUBE, 2, 2, 4, 6, 0.028574443285773965, 0.0018982843833581509, 0.004692880540039024, 19.35372800555171, 18, 9, 22
9, VENTALV, 2, 2, 4, 4, 0.04049182963115559, 0.0039794633696115245, 0.009762218208950957, 22.550594535285242, 18, 17, 24
9, ARTCO2, 1, 2, 3, 3, 0.042438407244283716, 0.004174450538542596, 0.01025845977019424, 21.941056747666124, 18, 14, 24
9, CATECHOL, 4, 1, 5, 2, 0.08195861734560371, 0.03140393250137674, 0.0819292011591306, 25.899865717866597, 18, 25, 26
9, HR, 1, 4, 5, 1, 0.16151909475697512, 0.07856165659779701, 0.20695165511062097, 30.68579320144325, 18, 29, 33
9, BP, 2, 0, 2, 1, 0.2147604373201059, 0.1190527202196825, 0.2521044599090825, 27.5891087649934, 18, 23, 30
10, HISTORY, 1, 0, 1, 3, 0.05398226064851299, 0.028905306080446724, 0.059257284385744846, 26.108999999999998, 25, 26, 28
10, HYPOVOLEMIA, 0, 2, 2, 2, 0.10831663395786928, 0.03718855889522166, 0.08544594295458863, 25.6, 25, 25, 28
10, LVEDVOLUME, 2, 2, 4, 3, 0.13121545698755135, 0.04329656317129471, 0.10666681833910063, 24.678399999999996, 25, 18, 30
10, LVFAILURE, 0, 3, 3, 2, 0.06065422544776744, 0.039587856291374734, 0.08325009747389744, 27.299999999999997, 25, 27, 33
10, STROKEVOLUME, 2, 1, 3, 1, 0.23217374189306694, 0.18696790024033216, 0.4579039214018392, 30.065599999999996, 25, 29, 34
10, HRBP, 2, 0, 2, 2, 0.19400850850142318, 0.12294540480856037, 0.26997292268148243, 27.427195765668777, 25, 24, 28
10, HREKG, 2, 0, 2, 2, 0.1833542428795823, 0.11652044473884438, 0.25481134059170873, 27.382920447602267, 25, 25, 28
10, HRSAT, 2, 0, 2, 2, 0.1833542428795823, 0.11652044473884438, 0.25481134059170873, 27.382920447602267, 25, 25, 28
10, CATECHOL, 4, 1, 5, 2, 0.09967481817782856, 0.056769432809201326, 0.11909954420911273, 24.913893142657603, 25, 24, 25
10, HR, 1, 4, 5, 1, 0.21362533013431972, 0.15238536670888853, 0.33706477092812226, 29.880586261545503, 25, 29, 33
11, HISTORY, 1, 0, 1, 3, 0.059989916000000046, 0.04350727889040129, 0.1039150381142222, 27.9455, 28, 27, 28
11, PCWP, 1, 0, 1, 2, 0.27963044636800005, 0.2059338734367646, 0.517800872012772, 30.114341000000003, 28, 30, 31
11, HYPOVOLEMIA, 0, 2, 2, 2, 0.15904159999999998, 0.08977254072799995, 0.22230962102242813, 27.200000000000003, 28, 27, 28
11, LVEDVOLUME, 2, 2, 4, 1, 0.3072862048, 0.26359082887800006, 0.6516045470858907, 32, 28, 32, 32
11, LVFAILURE, 0, 3, 3, 2, 0.06740440000000006, 0.05958628839800012, 0.14055305077356572, 29.099999999999998, 28, 29, 31
12, HISTORY, 1, 0, 1, 3, 0.06932254500000012, 0.04825203446023457, 0.0988646616875144, 29.891000000000002, 29, 28, 30
12, PCWP, 1, 0, 1, 2, 0.18605490994999996, 0.12312153354454086, 0.32338990459875316, 31.126375, 29, 31, 32
12, LVEDVOLUME, 2, 2, 4, 1, 0.20445594500000003, 0.18079146995000012, 0.44287424769564104, 33, 29, 33, 33
12, LVFAILURE, 0, 3, 3, 2, 0.0778905000000001, 0.06608456595000017, 0.1351877381014681, 31.050000000000004, 29, 31, 32
12, STROKEVOLUME, 2, 1, 3, 3, 0.07010145000000008, 0.029577887640714506, 0.0687226839197741, 29.857000000000003, 29, 29, 30
13, HISTORY, 1, 0, 1, 3, 0.059989916000000046, 0.043507278890401346, 0.1039150381142222, 29.9455, 30, 29, 30
13, PCWP, 1, 0, 1, 2, 0.27963044636800005, 0.20593387343676467, 0.5178008720127723, 32.114341, 30, 32, 33
13, HYPOVOLEMIA, 0, 2, 2, 2, 0.15904160000000006, 0.089772540728, 0.22230962102242824, 29.200000000000003, 30, 29, 30
13, LVEDVOLUME, 2, 2, 4, 1, 0.3072862048, 0.26359082887800006, 0.6516045470858907, 34, 30, 34, 34
13, LVFAILURE, 0, 3, 3, 2, 0.06740440000000006, 0.059586288398000176, 0.14055305077356572, 31.099999999999998, 30, 31, 33
14, HISTORY, 1, 0, 1, 3, 0.05998991600000014, 0.0435072788904014, 0.1039150381142222, 28.9455, 29, 28, 29
14, PCWP, 1, 0, 1, 2, 0.27963044636800005, 0.20593387343676484, 0.5178008720127724, 31.114341, 29, 31, 32
14, HYPOVOLEMIA, 0, 2, 2, 2, 0.15904159999999998, 0.08977254072799995, 0.22230962102242824, 28.200000000000003, 29, 28, 29
14, LVEDVOLUME, 2, 2, 4, 1, 0.30728620479999996, 0.26359082887800006, 0.6516045470858907, 33, 29, 33, 33
14, LVFAILURE, 0, 3, 3, 2, 0.06740440000000006, 0.059586288398000065, 0.14055305077356584, 30.100000000000005, 29, 30, 32
15, HISTORY, 1, 0, 1, 3, 0.05998991600000006, 0.04350727889040129, 0.10391503811422242, 30.945500000000003, 31, 30, 31
15, PCWP, 1, 0, 1, 2, 0.27963044636799994, 0.20593387343676445, 0.5178008720127721, 33.114341, 31, 33, 34
15, HYPOVOLEMIA, 0, 2, 2, 2, 0.15904160000000006, 0.08977254072800012, 0.22230962102242846, 30.2, 31, 30, 31
15, LVEDVOLUME, 2, 2, 4, 1, 0.30728620479999996, 0.26359082887800006, 0.6516045470858909, 34.99999999999999, 31, 35, 35
15, LVFAILURE, 0, 3, 3, 2, 0.06740440000000006, 0.059586288398000065, 0.14055305077356606, 32.1, 31, 32, 34
16, HREKG, 2, 0, 2, 1, 0.16237799987219273, 0.142412323315752, 0.3526322115353146, 31.896556667540253, 32, 31, 32
16, HRSAT, 2, 0, 2, 1, 0.16237799987219273, 0.142412323315752, 0.3526322115353146, 31.896556667540253, 32, 31, 32
17, HREKG, 2, 0, 2, 1, 0.1549854036624569, 0.13339482751458254, 0.3243916020481238, 31.048909589377292, 31, 30, 32
17, HRSAT, 2, 0, 2, 1, 0.1549854036624569, 0.13339482751458254, 0.3243916020481238, 31.048909589377292, 31, 30, 32
18, HREKG, 2, 0, 2, 1, 0.16044051713679763, 0.14004011871187577, 0.3450554124330877, 31.89738560340342, 32, 31, 32
18, HRSAT, 2, 0, 2, 1, 0.16044051713679763, 0.14004011871187577, 0.3450554124330877, 31.89738560340342, 32, 31, 32
19, HREKG, 2, 0, 2, 1, 0.1522376008006745, 0.13006711979057956, 0.31432175114842065, 34.07033402864636, 34, 33, 35
19, HRSAT, 2, 0, 2, 1, 0.1522376008006745, 0.13006711979057956, 0.31432175114842065, 34.07033402864636, 34, 33, 35
20, INTUBATION, 0, 5, 5, 2, 0.06534900569977799, 0.028743314709064993, 0.09502663567581726, 27.226245301129307, 30, 16, 28
20, VENTTUBE, 2, 2, 4, 2, 0.03440388901625126, 0.020895338618426212, 0.06934841235444034, 29.911484094745973, 30, 26, 31
20, VENTLUNG, 3, 3, 6, 1, 0.1325891445322933, 0.0772286275909633, 0.26198456921913893, 28.93630582474871, 30, 24, 33
20, VENTALV, 2, 2, 4, 2, 0.11011436825204117, 0.045099122021370175, 0.1698306106215961, 28.53025406821848, 30, 19, 30
21, INTUBATION, 0, 5, 5, 2, 0.022763485764182415, 0.008433620577179501, 0.03532479617953499, 27.772339321497633, 29, 14, 28
21, VENTTUBE, 2, 2, 4, 2, 0.040908643103979535, 0.022318542806016944, 0.07154138941628896, 30.512752010726704, 29, 27, 31
21, VENTLUNG, 3, 3, 6, 1, 0.0979819026234671, 0.06451041266218782, 0.21290319574436156, 29.451287413419006, 29, 27, 33
21, VENTALV, 2, 2, 4, 2, 0.08231374602148474, 0.030186738444315075, 0.13053728584513125, 28.97286467180639, 29, 24, 30
21, ARTCO2, 1, 2, 3, 1, 0.049056490888557916, 0.022087900284869955, 0.09021194399834587, 25.589872477293813, 29, 21, 26
22, INTUBATION, 0, 5, 5, 2, 0.0623516328470641, 0.02595691038147724, 0.0880955670790613, 29.120000000240154, 32, 16, 30
22, VENTTUBE, 2, 2, 4, 2, 0.033202526005978734, 0.01980512681406088, 0.06694677197405963, 31.95555200017273, 32, 28, 33
22, VENTLUNG, 3, 3, 6, 1, 0.12770863205188662, 0.0740845550636813, 0.25062579200050006, 30.977232646256418, 32, 27, 35
22, VENTALV, 2, 2, 4, 2, 0.10789697600216946, 0.04365855417977038, 0.16727508640612765, 30.231791062461017, 32, 18, 32
23, HRBP, 2, 0, 2, 1, 0.2926429724745254, 0.26634152008354295, 0.6348869435364173, 33.03885558606633, 30, 11, 34
23, HREKG, 2, 0, 2, 1, 0.25984897187375583, 0.23717056747421733, 0.5217415881716161, 32.462912554238116, 30, 31, 33
23, HRSAT, 2, 0, 2, 1, 0.25984897187375583, 0.23717056747421733, 0.5217415881716161, 32.462912554238116, 30, 31, 33
23, CATECHOL, 4, 1, 5, 1, 0.15318259341158677, 0.12436624559849896, 0.2415078320171462, 29.999999999999996, 30, 30, 30
23, CO, 2, 1, 3, 1, 0.22502328135891272, 0.141831531296209, 0.3538634337274387, 31.66254578136206, 30, 26, 34
24, HRBP, 2, 0, 2, 1, 0.23424777536500996, 0.20960596154980835, 0.5121736782963512, 30.52602513048132, 28, 28, 31
24, HREKG, 2, 0, 2, 1, 0.22122243351172666, 0.19939306107736388, 0.46036005511266836, 30.416730978294332, 28, 28, 31
24, HRSAT, 2, 0, 2, 1, 0.22122243351172666, 0.19939306107736388, 0.46036005511266836, 30.416730978294332, 28, 28, 31
24, CATECHOL, 4, 1, 5, 1, 0.09781040436633223, 0.07941054202436329, 0.15808273427453545, 27.999999999999996, 28, 28, 28
24, CO, 2, 1, 3, 1, 0.21206202546630176, 0.13808082930632476, 0.36522239895201536, 30.03798968543108, 28, 23, 32
25, HRBP, 2, 0, 2, 1, 0.27396723448400323, 0.2496559128480048, 0.5805663925094415, 33.40564571356278, 31, 30, 34
25, HREKG, 2, 0, 2, 1, 0.25984897187375583, 0.23717056747421733, 0.5217415881716161, 33.462912554238116, 31, 32, 34
25, HRSAT, 2, 0, 2, 1, 0.25984897187375583, 0.23717056747421733, 0.5217415881716161, 33.462912554238116, 31, 32, 34
25, CATECHOL, 4, 1, 5, 1, 0.15318259341158677, 0.12436624559849896, 0.2415078320171462, 30.999999999999996, 31, 31, 31
25, CO, 2, 1, 3, 1, 0.22502328135891272, 0.141831531296209, 0.3538634337274387, 32.662545781362056, 31, 27, 35 
26, ERRLOWOUTPUT, 0, 1, 1, 1, 0.05819515062674929, 0.02742131704274292, 0.08035197826015794, 31.05, 31, 31, 32
26, HREKG, 2, 0, 2, 2, 0.09553197895583387, 0.0470372161033272, 0.13523163150000178, 30.92333016144902, 31, 17, 32
26, HR, 1, 4, 5, 1, 0.10955421251315764, 0.09125512003126042, 0.24149541081026393, 33.0, 31, 33, 33
26, CO, 2, 1, 3, 2, 0.07608230848627637, 0.03051337770076981, 0.0970468775667952, 30.405302982911643, 31, 10, 32
27, ERRLOWOUTPUT, 0, 1, 1, 1, 0.0708438147932208, 0.06138747200444866, 0.18141832431821325, 29.150000000000002, 29, 29, 32
27, HREKG, 2, 0, 2, 2, 0.23175492843605605, 0.19949772144635639, 0.4344872145973633, 29.16598259610847, 29, 29, 30
27, HRSAT, 2, 0, 2, 2, 0.23175492843605605, 0.19949772144635639, 0.4344872145973633, 29.16598259610847, 29, 29, 30
27, CATECHOL, 4, 1, 5, 2, 0.13329259819471706, 0.10329308632771012, 0.20091760270135783, 29.191005544777934, 29, 29, 31
27, HR, 1, 4, 5, 1, 0.2694389159075915, 0.2486297807892661, 0.5729163148079149, 32.0, 29, 32, 32
28, ERRLOWOUTPUT, 0, 1, 1, 1, 0.07620877147545813, 0.06762605445223535, 0.19327047309575573, 29.199999999999996, 29, 29, 33
28, HREKG, 2, 0, 2, 2, 0.18222159949924638, 0.15404856108054343, 0.3564661729665958, 30.0, 29, 30, 30
28, HRSAT, 2, 0, 2, 2, 0.18222159949924638, 0.1540485610805434, 0.3564661729665958, 30, 29, 30, 30
28, CATECHOL, 4, 1, 5, 2, 0.06236349339680941, 0.048327647554172626, 0.0973373648256658, 29.08439193708342, 29, 29, 31
28, HR, 1, 4, 5, 1, 0.21326891267269493, 0.19607553990668491, 0.47476077189641597, 33, 29, 33, 33
28, CO, 2, 1, 3, 2, 0.15913937878395784, 0.08194294441129013, 0.21980657517711066, 29.959820290312496, 29, 23, 32
29, HREKG, 2, 0, 2, 2, 0.3618207446010462, 0.3265983547008348, 0.6244992297553065, 28.751241187832896, 26, 27, 31
29, HRSAT, 2, 0, 2, 2, 0.3618207446010462, 0.3265983547008348, 0.6244992297553065, 28.751241187832896, 26, 27, 31
29, TPR, 1, 2, 3, 3, 0.24607712471363208, 0.1410316907547391, 0.23913445505558495, 23.137700046947156, 26, 14, 27
29, CATECHOL, 4, 1, 5, 2, 0.3091957536786164, 0.24796040453952256, 0.4426161753905985, 28.500020019670217, 26, 28, 30
29, HR, 1, 4, 5, 1, 0.41680306257079236, 0.40201449144128515, 0.8430605769686564, 32, 26, 32, 32
29, CO, 2, 1, 3, 2, 0.35250484481348027, 0.2786377832093735, 0.538541046508416, 27.59771486822734, 26, 20, 29
29, BP, 2, 0, 2, 3, 0.10592209890198295, 0.033047449781744676, 0.05734827531318876, 21.816571425774047, 26, 10, 26
30, HRBP, 2, 0, 2, 2, 0.22540940993982383, 0.18976040454944226, 0.4404962928039411, 29.939424456519202, 29, 29, 30
30, ERRCAUTER, 0, 2, 2, 1, 0.1323205388048883, 0.1141158404733772, 0.31432175114842065, 29.39999998768017, 29, 29, 33
30, HRSAT, 2, 0, 2, 2, 0.3456147369339104, 0.31742271908996683, 0.7390737091167682, 31.632351430001762, 29, 30, 32
30, CATECHOL, 4, 1, 5, 2, 0.12667780094168132, 0.09487203249270426, 0.19157694112946222, 29.0, 29, 29, 29
30, HR, 1, 4, 5, 1, 0.24698167492668816, 0.2198517572513786, 0.5217415881716163, 32.19911950525431, 29, 32, 34
30, CO, 2, 1, 3, 2, 0.2027654746517757, 0.1307347946261438, 0.31653697476065146, 29.860722342493936, 29, 26, 31
31, HRBP, 2, 0, 2, 2, 0.22540940993982383, 0.18976040454944226, 0.44049629280394087, 29.939424456519202, 29, 29, 30
31, ERRCAUTER, 0, 2, 2, 1, 0.1323205388048883, 0.1141158404733772, 0.3143217511484204, 29.39999998768017, 29, 29, 33
31, HRSAT, 2, 0, 2, 2, 0.34561473693391037, 0.31742271908996683, 0.739073709116768, 31.462912554238116, 29, 30, 32
31, CATECHOL, 4, 1, 5, 2, 0.1266778009416813, 0.09487203249270426, 0.191576941129462, 29, 29, 29, 29
31, HR, 1, 4, 5, 1, 0.24698167492668816, 0.2198517572513786, 0.5217415881716161, 32.19911950525431, 29, 32, 34
31, CO, 2, 1, 3, 2, 0.1932358793284215, 0.11860323310582443, 0.29175490592422215, 30.163686885770026, 29, 28, 31
32, HRBP, 2, 0, 2, 2, 0.32655368229283194, 0.2805953420508698, 0.5833643805660125, 29.175179183630043, 26, 27, 30
32, ERRCAUTER, 0, 2, 2, 1, 0.10222493939566263, 0.08419183616675724, 0.26097620586641634, 26.599999968057016, 26, 26, 32
32, HRSAT, 2, 0, 2, 2, 0.4167414530256248, 0.39280416736467416, 0.8444164946805296, 30.81512632041294, 26, 29, 31
32, TPR, 1, 2, 3, 3, 0.2141858931739703, 0.11702770908479132, 0.21566665974975763,  24.62320002949553, 26, 19, 27
32, CATECHOL, 4, 1, 5, 2, 0.26641094205271076, 0.1995215212369572, 0.37595022792207466, 28, 26, 28, 28
32, HR, 1, 4, 5, 1, 0.35533981827920214, 0.3190117770979802, 0.6878912753880547, 31.336091167644803, 26, 31, 33
32, CO, 2, 1, 3, 2, 0.2646186753822368, 0.1840184051761471, 0.3810609017491965, 27.453748553976308, 26, 25, 29
32, BP, 2, 0, 2, 3, 0.09126212335068995, 0.027191902725888284, 0.05021978423596396, 22.084552048495738, 26, 11, 26
33, HRBP, 2, 0, 2, 2, 0.2959670109537368, 0.2532982273445785, 0.5434349638252888, 29.19195849872513, 27, 28, 30
33, ERRCAUTER, 0, 2, 2, 1, 0.11309774835190795, 0.09413142468168034, 0.27954021755084035, 27.49999997743413, 27, 27, 32
33, HRSAT, 2, 0, 2, 2, 0.39644621635586075, 0.37114705680691745, 0.8178837692345983, 30.567512654868253, 27, 29, 31
33, TPR, 1, 2, 3, 3, 0.16867057042451433, 0.07257890300616782, 0.1435225233529367, 24.920300020324163, 27, 20, 27
33, CATECHOL, 4, 1, 5, 2, 0.22361250986371667, 0.1674687525664597, 0.3218795662996734, 28, 27, 28, 28
33, HR, 1, 4, 5, 1, 0.32272384706896884, 0.28894222020535143, 0.6404043576557216, 31.286606632956335, 27, 31, 33
33, CO, 2, 1, 3, 2, 0.240362395850872, 0.15981063583313648, 0.3479334796410116, 27.563387454785367, 27, 25, 29
34, STROKEVOLUME, 2, 1, 3, 3, 0.057462529142364986, 0.04105545240994035, 0.10241401665748395, 27.04533216788698, 27, 27, 28
34, HRBP, 2, 0, 2, 2, 0.11813155044571548, 0.09477956700737658, 0.2651604394338517, 28.97821333974373, 27, 27, 29
34, HREKG, 2, 0, 2, 2, 0.2593576592135861, 0.23187331029603656, 0.588324824923758, 29.919197004428412, 27, 29, 30
34, ERRCAUTER, 0, 2, 2, 1, 0.15625264969548153, 0.14393888522420603, 0.36943269190384753, 27.39999999440873, 27, 27, 31
34, CATECHOL, 4, 1, 5, 2, 0.06314241110458745, 0.04787974738978579, 0.11888201388359476, 27.04710877910313, 27, 27, 28
34, HR, 1, 4, 5, 1, 0.12178510355228407, 0.11015282856705003, 0.30185479725571307, 30.080736916455162, 27, 30, 32
35, HRBP, 2, 0, 2, 2, 0.22540940993982367, 0.18976040454944218, 0.44049629280394076, 29.939424456519205, 29, 29, 30
35, HREKG, 2, 0, 2, 2, 0.34561473693391026, 0.31742271908996667, 0.7390737091167681, 31.462912554238113, 29, 30, 32
35, ERRCAUTER, 0, 2, 2, 1, 0.1323205388048883, 0.11411584047337708, 0.31432175114842076, 29.39999998768017, 29, 29, 33
35, CATECHOL, 4, 1, 5, 2, 0.1266778009416812, 0.09487203249270415, 0.191576941129462, 28.999999999999996, 29, 29, 29
35, HR, 1, 4, 5, 1, 0.24698167492668804, 0.21985175725137848, 0.5217415881716161, 32.19911950525431, 29, 32, 34
35, CO, 2, 1, 3, 2, 0.19225993926251173, 0.11741948250139589, 0.28924743356594007, 29.971630322434585, 29, 27, 31
36, HRBP, 2, 0, 2, 2, 0.17243009693196415, 0.14187955600574165, 0.3538411190691334, 27.129883528947634, 27, 27, 28
36, HREKG, 2, 0, 2, 2, 0.305535716141382, 0.27537864725234806, 0.6673148384645233, 28.671627240248696, 27, 27, 29
36, ERRCAUTER, 0, 2, 2, 1, 0.14396466195780935, 0.12771952691722108, 0.33671149727575456, 27.299999993364626, 27, 27, 30
36, CATECHOL, 4, 1, 5, 2, 0.05474658987430955, 0.041001029500120245, 0.08639932901563518, 27, 27, 27, 27
36, HR, 1, 4, 5, 1, 0.18986976615691342, 0.16810465448716855, 0.423614768770759, 29.14612455247183, 27, 29, 31
37, HREKG, 2, 0, 2, 2, 0.17886009714097972, 0.10258950314293999, 0.26404415447496987, 28.555801568910386, 29, 23, 29
37, ERRCAUTER, 0, 2, 2, 1, 0.10521342994444506, 0.04671914855362619, 0.13127711536773468, 29.09999998372988, 29, 29, 30
37, HR, 1, 4, 5, 1, 0.13575176453969096, 0.09990095362623527, 0.23690243241663322, 29.977589981726663, 29, 29, 31
38, HRBP, 2, 0, 2, 2, 0.21273345663855547, 0.17830733250222883, 0.42051995804467035, 29.939373377926294, 29, 29, 30
38, HREKG, 2, 0, 2, 2, 0.33613528344338395, 0.3074543311362, 0.7228454491929741, 31.48409513092738, 29, 30, 32
38, ERRCAUTER, 0, 2, 2, 1, 0.13526700220061133, 0.11745133162336907, 0.3198869465709323, 29.3999999885589, 29, 29, 33
38, CATECHOL, 4, 1, 5, 2, 0.109418261787112, 0.08194595114846609, 0.16708204464571264, 29, 29, 29, 29
38, HR, 1, 4, 5, 1, 0.23333073378799946, 0.20746311391136446, 0.4990308451585588, 32.185709505445054, 29, 32, 34
38, CO, 2, 1, 3, 2, 0.17384957551914493, 0.09881522694433481, 0.25377237709537837, 29.2494106204757, 29, 23, 31
39, HRBP, 2, 0, 2, 2, 0.22549873732680759, 0.18984109357731535, 0.4406354445170433, 29.939424823685336, 29, 29, 30
39, HREKG, 2, 0, 2, 2, 0.3456812534121577, 0.31749271657928935, 0.739185968026041, 31.462760288401306, 29, 30, 32
39, ERRCAUTER, 0, 2, 2, 1, 0.1322993588643901, 0.11409212610590386, 0.31428198300476096, 29.39999998767385, 29, 29, 33
39, CATECHOL, 4, 1, 5, 2, 0.12679955622628808, 0.0949632179350745, 0.19174821185165136, 29, 29, 29, 29
39, HR, 1, 4, 5, 1, 0.24707783728759958, 0.21993907945045, 0.5219000339374653, 32.19921589979934, 29, 32, 34
39, CO, 2, 1, 3, 2, 0.18407992657969757, 0.10771205265908823, 0.26859475210361405, 29.548129316555265, 29, 25, 31
40, HRBP, 2, 0, 2, 2, 0.3501729062111423, 0.30142525245384993, 0.6114674547190152, 30.218151443096744, 27, 28, 31
40, HREKG, 2, 0, 2, 2, 0.4308006615697385, 0.40800581398181074, 0.8594679568750428, 31.81988989985075, 27, 30, 32
40, ERRCAUTER, 0, 2, 2, 1, 0.09147489306139668, 0.07533341301072177, 0.24338778601077715, 27.599999963247996, 27, 27, 33
40, TPR, 1, 2, 3, 3, 0.2595425994397863, 0.17184570701158325, 0.30829034509786246, 27.4058000089354, 27, 26, 28
40, CATECHOL, 4, 1, 5, 2, 0.30018061928043505, 0.22481243954624902, 0.4172193911964408, 29, 27, 29, 29
40, HR, 1, 4, 5, 1, 0.3803238315307391, 0.3423418756379152, 0.7226510303782978, 32.38501698332287, 27, 32, 34
40, CO, 2, 1, 3, 2, 0.2831890405311347, 0.20359502392133244, 0.4060262242219925, 28.345347561910806, 27, 26, 30 
40, BP, 2, 0, 2, 3, 0.09951215850772505, 0.034194921982419024, 0.060580851127729485, 24.806502416817416, 27, 21, 27
41, HRBP, 2, 0, 2, 2, 0.2966145205641919, 0.2538784095479256, 0.5443129894819603, 30.192785305842314, 28, 29, 31
41, HREKG, 2, 0, 2, 2, 0.3968912328758011, 0.3716200406666925, 0.8185040907088557, 31.56681195467226, 28, 30, 32
41, ERRCAUTER, 0, 2, 2, 1, 0.11289001134777761, 0.09393228258441827, 0.27917818378326154, 28.499999977356687, 28, 28, 33
41, TPR, 1, 2, 3, 3, 0.17475862738870146, 0.0779961622841111, 0.15426623380158055, 23.543500045123757, 28, 13, 28
41, CATECHOL, 4, 1, 5, 2, 0.22451167148105192, 0.16814215618999834, 0.3230360258476799, 29.0, 28, 29, 29
41, HR, 1, 4, 5, 1, 0.32341624398534774, 0.28957773238128026, 0.6414350275177906, 32.287552089550815, 28, 32, 34
41, CO, 2, 1, 3, 2, 0.24087742286419972, 0.16031230972434463, 0.3486432022346243,  28.561292682702856, 28, 26, 30
42, HRBP, 2, 0, 2, 2, 0.22540940993982383, 0.18976040454944226, 0.44049629280394087, 30.939424456519202, 30, 30, 31
42, HREKG, 2, 0, 2, 2, 0.34561473693391037, 0.31742271908996683, 0.739073709116768, 32.462912554238116, 30, 31, 33
42, ERRCAUTER, 0, 2, 2, 1, 0.1323205388048883, 0.1141158404733772, 0.3143217511484204, 30.399999987680168, 30, 30, 34
42, CATECHOL, 4, 1, 5, 2, 0.1266778009416813, 0.09487203249270426, 0.191576941129462, 30, 30, 30, 30
42, HR, 1, 4, 5, 1, 0.24698167492668816, 0.2198517572513786, 0.5217415881716161, 33.19911950525431, 30, 33, 35
42, CO, 2, 1, 3, 2, 0.18400836600524506, 0.10764918515619121, 0.2684915191684141, 30.548509710100106, 30, 26, 32
43, HISTORY, 1, 0, 1, 3, 0.12865973029657296, 0.04908631583297529, 0.07392380609610183, 27.644155519259602, 20, 27, 30
43, CVP, 1, 0, 1, 2, 0.27023265217786585, 0.17838638162365655, 0.3009960921789664, 31.685043878780185, 20, 31, 32
43, PCWP, 1, 0, 1, 2, 0.3681430334017303, 0.27741268336634894, 0.4673907289916822, 31.574552530512143, 20, 31, 32
43, LVEDVOLUME, 2, 2, 4, 1, 0.3916415248954577, 0.31201099655193193, 0.5342817728511277, 32.80166199268389, 20, 32, 34
43, LVFAILURE, 0, 3, 3, 2, 0.14456149471525048, 0.058996896946707844, 0.08929899574934375, 29.15010396865094, 20, 28, 33
43, STROKEVOLUME, 2, 1, 3, 1, 0.10524565536244669, 0.048627553458756634, 0.07758400062348514,  29.27223538055787, 20, 29, 34
43, HRBP, 2, 0, 2, 4, 0.04751736902206384, 0.005976713330995587, 0.008661188623090399, 27.0905888446895, 20, 27, 28
43, HREKG, 2, 0, 2, 4, 0.029669920166367318, 0.0019971753789347346, 0.0028850772367517985, 23.7625305771041, 20, 23, 26
43, HRSAT, 2, 0, 2, 4, 0.029669920166367318, 0.0019971753789346236, 0.0028850772367515765, 23.7625305771041, 20, 23, 26
43, PVSAT, 2, 1, 3, 6, 0.008261258881998591, 2.0529827366300157E-4, 2.9645847576620366E-4, 20.047734508983442, 20, 8, 23
43, SAO2, 2, 1, 3, 5, 0.008023159666984636, 1.934488505337395E-4, 2.793501332150061E-4, 19.50861578244487, 20, 5, 23
43, VENTALV, 2, 2, 4, 6, 0.009332812925206636, 2.3720386171821595E-4, 3.425497459850213E-4, 20.39732914946951, 20, 11, 23
43, ARTCO2, 1, 2, 3, 5, 0.009781472441785814, 2.496686211178045E-4, 3.605611683480392E-4, 19.278280903867216, 20, 7, 23
43, CATECHOL, 4, 1, 5, 4, 0.018890340354158167, 0.001502189761104833, 0.0021698936807300617, 24.275499971258164, 20, 24, 26
43, HR, 1, 4, 5, 3, 0.051634883365578865, 0.016651214392640667, 0.025297047851711274, 28.15101604371131, 20, 28, 30
44, CVP, 1, 0, 1, 2, 0.17829599999999995, 0.12176173472628052, 0.2223096210224283, 29.69089, 29, 28, 30
44, PCWP, 1, 0, 1, 2, 0.24289599999999995, 0.18102276799254, 0.3587739954567356, 30.471799, 29, 29, 31
44, LVEDVOLUME, 2, 2, 4, 1, 0.2583999999999999, 0.20328321084788947, 0.4107571867012808, 31.581, 29, 30, 32
44, STROKEVOLUME, 2, 1, 3, 1, 0.13727999999999999, 0.06399855341166344, 0.12143636507721112, 28.759599999999995, 29, 27, 32
45, MINVOL, 2, 0, 2, 1, 0.19038539435879243, 0.1550529910199503, 0.44201010151553716, 28.310680592261615, 28, 9, 30
45, SHUNT, 2, 1, 3, 1, 0.14557015179829186, 0.09057540736948988, 0.27019228333520384, 27.592354193831405, 28, 19, 29
45, VENTALV, 2, 2, 4, 1, 0.19157611129193358, 0.12830500517031834, 0.40527648916052794, 28.97943267664948, 28, 24, 30
45, ARTCO2, 1, 2, 3, 2, 0.1282990408771888, 0.07210860145547254, 0.21661445705208648, 26.7492652362469, 28, 19, 28
46, PRESS, 3, 0, 3, 1, 0.04967747624060702, 0.025579937262913757, 0.1292992020188165, 30.556942225733955, 30, 25, 31
46, VENTLUNG, 3, 3, 6, 1, 0.04540972845745758, 0.02932690520147641, 0.13814508878584228, 30.371910170304655, 30, 26, 31
47, HRBP, 2, 0, 2, 5, 0.029597758320090616, 0.0034420680476898724, 0.006239459922108503, 17.37728771983255, 15, 14, 25
47, HREKG, 2, 0, 2, 5, 0.028502846876305086, 0.003272447633019926, 0.005931725516213238, 17.24313362468817, 15, 14, 25
47, HRSAT, 2, 0, 2, 5, 0.028502846876305086, 0.003272447633019926, 0.005931725516213238, 17.24313362468817, 15, 14, 25
47, KINKEDTUBE, 0, 2, 2, 2, 0.005638492205349517, 0.0025388025800444636, 0.005413646209171619, 15.193558434917088, 15, 15, 26
47, MINVOL, 2, 0, 2, 1, 0.10749074269695051, 0.0872896420723086, 0.19329857296331499, 18.569205512368686, 15, 16, 33
47, PVSAT, 2, 1, 3, 2, 0.06786241045532404, 0.021546310195661, 0.052961844814437775, 17.697451610517376, 15, 15, 25
47, SAO2, 2, 1, 3, 2, 0.07671766933535812, 0.023248203686608182, 0.05524555418516797, 17.255825710028304, 15, 16, 31
47, SHUNT, 2, 1, 3, 1, 0.42833923711476407, 0.2933771764021916, 0.67272896392279, 29.505020518097446, 15, 26, 32
47, PRESS, 3, 0, 3, 1, 0.1569371681634786, 0.09381209044936933, 0.1971938293831521, 22.495636819601707, 15, 21, 29
47, DISCONNECT, 0, 1, 1, 3, 0.04397616408694839, 0.027572380161336674, 0.05617528429677843, 16.840576730022466, 15, 16, 29
47, MINVOLSET, 0, 1, 1, 4, 0.06323526908163576, 0.026405034175447373, 0.06128198369075011, 16.871250044760682, 15, 16, 29
47, VENTMACH, 1, 1, 2, 3, 0.09532350737650384, 0.04725356144866111, 0.10593279241116149, 18.34267997525486, 15, 17, 29
47, VENTTUBE, 2, 2, 4, 2, 0.14598198505390206, 0.0871068906449396, 0.19092826753034653, 24.76795972444064, 15, 22, 31
47, VENTLUNG, 3, 3, 6, 1, 0.2408848238047438, 0.1774800112454346, 0.3877275384762424, 24.65293430638769, 15, 23, 30
47, VENTALV, 2, 2, 4, 1, 0.4375097940179181, 0.35178426768888854, 0.8403159390436894, 26.353931541797515, 15, 25, 32
47, ARTCO2, 1, 2, 3, 2, 0.16691799402640284, 0.1098942998328356, 0.24414531558503905, 23.91971443961729, 15, 22, 32
47, CATECHOL, 4, 1, 5, 3, 0.03819459830278904, 0.009814457204340599, 0.018372599384116617, 21.439222505456218, 15, 21, 26
47, HR, 1, 4, 5, 4, 0.032465408634523824, 0.0039832225811504696, 0.007224778836383949, 21.048006936110017, 15, 20, 26
47, CO, 2, 1, 3, 5, 0.02418935263067301, 0.0019039701623190242, 0.0034465941650494436, 16.53881393032775, 15, 15, 20
47, BP, 2, 0, 2, 5, 0.010045289191598528, 3.238057868675259E-4, 5.868811655929118E-4, 13.052867790031984, 15, 10, 15
48, EXPCO2, 2, 0, 2, 2, 0.019371760675273377, 0.010698936242953427, 0.06030909931608197, 24.948756946634827, 25, 21, 26
48, PVSAT, 2, 1, 3, 2, 0.012653174428526866, 0.004051510773156186, 0.0071492100231107525, 25.918657586735204, 25, 24, 26
48, SAO2, 2, 1, 3, 2, 0.01751548011828591, 0.005189843494180002, 0.00819907874019421, 25.911253883681148, 25, 23, 26
48, SHUNT, 2, 1, 3, 1, 0.4188893710220342, 0.3493799192789282, 0.6634164118584296, 28.614303026785315, 25, 28, 29
48, PRESS, 3, 0, 3, 1, 0.25235954567251423, 0.19217852492216897, 0.33295097937361584, 26.43296353534993, 25, 25, 30
48, VENTLUNG, 3, 3, 6, 1, 0.032698451302064946, 0.01838104966575793, 0.08009063753507573, 27.737988172957156, 25, 17, 31
48, VENTALV, 2, 2, 4, 1, 0.43685346103120065, 0.412928224888921, 0.8509369207712492, 30.352437814520197, 25, 26, 31
48, ARTCO2, 1, 2, 3, 2, 0.3985048467118782, 0.32159814816518323, 0.6194525093162349, 28.182966849239943, 25, 25, 30
49, EXPCO2, 2, 0, 2, 2, 0.09158230939958405, 0.04682608182884099, 0.11821604893583149, 27.1850421821352, 28, 18, 30
49, MINVOL, 2, 0, 2, 1, 0.1430246009514769, 0.07792650033973153, 0.23488009218563594, 27.227350328464254, 28, 21, 29
49, SAO2, 2, 1, 3, 2, 0.1421336626259375, 0.08200751786338659, 0.2543543678313412, 28.965746597002372, 28, 18, 31
49, SHUNT, 2, 1, 3, 1, 0.14643341721994013, 0.08998241691371969, 0.2735861319591304, 30.07833240438416, 28, 19, 32
49, VENTALV, 2, 2, 4, 1, 0.198115314674609, 0.0962488248313764, 0.3165229541650314, 28.37083937592557, 28, 20, 31
50, EXPCO2, 2, 0, 2, 2, 0.0625910756793038, 0.026303796173026903, 0.08809556707906119,  28.991085621345125, 31, 13, 30
50, MINVOL, 2, 0, 2, 1, 0.0843800655545503, 0.041138997806265426, 0.14190184647979398, 29.593255204812287, 31, 23, 30
50, VENTALV, 2, 2, 4, 1, 0.11411780641711154, 0.05451494627013517, 0.21215302955493925, 30.315305228266013, 31, 23, 32
51, EXPCO2, 2, 0, 2, 2, 0.02743992773486395, 0.00845079227799772, 0.04691907395585715, 24.68315090623533, 25, 16, 25
51, PVSAT, 2, 1, 3, 2, 0.07000633995776796, 0.03868428377756428, 0.06177412530101467, 27.696736228035, 25, 23, 28
51, SAO2, 2, 1, 3, 2, 0.07766102255309909, 0.04467401592678494, 0.07253919131387754, 27.681351434276657, 25, 22, 28
51, SHUNT, 2, 1, 3, 1, 0.3829528695155291, 0.31391877282884106, 0.6166373113635213, 31.672061366977317, 25, 31, 32
51, PRESS, 3, 0, 3, 1, 0.08840577321325323, 0.051287111174093736, 0.09752449835163268, 24.25538042335066, 25, 23, 30
51, VENTMACH, 1, 1, 2, 3, 0.04989235363020274, 0.010521501918137832, 0.019414871363904185, 25.15438765325158, 25, 24, 26
51, VENTTUBE, 2, 2, 4, 2, 0.10052030431636177, 0.02728225467906209, 0.049313113940392395, 26.345160695893338, 25, 25, 27
51, VENTLUNG, 3, 3, 6, 1, 0.10764571151256855, 0.06417087673870503, 0.13979736761149486, 29.72628747843383, 25, 27, 30
51, VENTALV, 2, 2, 4, 1, 0.4026348970438226, 0.36878371039359015, 0.7755770121596686, 32.08376382957979, 25, 24, 33
51, ARTCO2, 1, 2, 3, 2, 0.3600870043466695, 0.26395934529522175, 0.5303105495892775, 30.502126273336877, 25, 25, 32
52, MINVOL, 2, 0, 2, 1, 0.09563991438252803, 0.05677362493878926, 0.18562837262694004, 29.496024550286457, 30, 22, 30
52, SHUNT, 2, 1, 3, 1, 0.09080977572291621, 0.04524033719067819, 0.17623115694551694, 29.90868423023563, 30, 12, 32
52, VENTALV, 2, 2, 4, 1, 0.11538011693546202, 0.056959689374772, 0.21813595346999165, 29.482374214969678, 30, 22, 31
53, MINVOL, 2, 0, 2, 1, 0.08290083171680422, 0.06803892777391439, 0.21808157492466568, 30.77998080069125, 30, 27, 31
53, PRESS, 3, 0, 3, 1, 0.13565951973312718, 0.07064928644929333, 0.2814437278686658, 32.78320000131376, 30, 25, 34
53, VENTLUNG, 3, 3, 6, 1, 0.13565951974407614, 0.06331254529630148, 0.2642253020961568, 32.14864000292222, 30, 20, 34
53, VENTALV, 2, 2, 4, 1, 0.08096515170250958, 0.05745746156232481, 0.1958144917843193, 30.74558880100978, 30, 27, 31
53, ARTCO2, 1, 2, 3, 2, 0.07525053860600789, 0.04395154744297075, 0.15572758658598956, 31.398443430656563, 30, 25, 32
54, HISTORY, 1, 0, 1, 2, 0.06104510000000009, 0.04973484528170624, 0.13542405806645275, 25.0545, 25, 25, 26
54, CVP, 1, 0, 1, 1, 0.3072862048, 0.2771887560566697, 0.6516045470858907, 28.383237, 25, 28, 30
54, PCWP, 1, 0, 1, 1, 0.3808102298, 0.3713650099234787, 0.8850119170614765, 30, 25, 30, 30
54, HYPOVOLEMIA, 0, 2, 2, 1, 0.24575999999999998, 0.19895047999999993, 0.4107571867012809, 26.200000000000003, 25, 26, 27
54, LVFAILURE, 0, 3, 3, 1, 0.06859000000000001, 0.06811538, 0.1843774577625794, 26.250000000000004, 25, 26, 31
54, STROKEVOLUME, 2, 1, 3, 2, 0.1667630399999999, 0.07159239949496737, 0.15412143700026204, 26.778799999999997, 25, 26, 27
54,  CO, 2, 1, 3, 3, 0.13730131406589074, 0.05049110341964724, 0.10890651182584565, 25.178790121094313, 25, 22, 26
55, PCWP, 1, 0, 1, 1, 0.09123798219531405, 0.0464248976162249, 0.20506398988264674, 32.54311196661383, 32, 28, 33
55, LVFAILURE, 0, 3, 3, 1, 0.005846215514396827, 0.0033683888394653028, 0.01969082603211847, 32, 32, 32, 32
56, HISTORY, 1, 0, 1, 2, 0.06104509999999999, 0.04973484528170613, 0.13542405806645252, 28.0545, 28, 28, 29
56, CVP, 1, 0, 1, 1, 0.30728620479999996, 0.27718875605666965, 0.6516045470858907, 30.383236999999994, 28, 30, 32
56, PCWP, 1, 0, 1, 1, 0.3808102297999999, 0.37136500992347865, 0.8850119170614765, 32, 28, 32, 32
56, HYPOVOLEMIA, 0, 2, 2, 1, 0.24575999999999992, 0.19895047999999993, 0.4107571867012809, 28.200000000000003, 28, 28, 29
56, LVFAILURE, 0, 3, 3, 1, 0.06859000000000001, 0.06811538, 0.18437745776257963, 29.2, 28, 29, 33 
56, STROKEVOLUME, 2, 1, 3, 2, 0.16676303999999992, 0.07159239949496737, 0.15412143700026193, 28.778799999999997, 28, 28, 29
57, HISTORY, 1, 0, 1, 2, 0.0610451, 0.04973484528170613, 0.13542405806645252, 28.054500000000004, 28, 28, 29
57, CVP, 1, 0, 1, 1, 0.3072862048, 0.2771887560566697, 0.6516045470858904, 31.383237000000005, 28, 31, 33
57, PCWP, 1, 0, 1, 1, 0.3808102298, 0.3713650099234787, 0.8850119170614763, 33, 28, 33, 33
57, HYPOVOLEMIA, 0, 2, 2, 1, 0.24575999999999987, 0.19895047999999982, 0.4107571867012807, 29.200000000000003, 28, 29, 30
57, LVFAILURE, 0, 3, 3, 1, 0.06858999999999991, 0.06811537999999995, 0.1843774577625794, 29.249999999999996, 28, 29, 34
57, STROKEVOLUME, 2, 1, 3, 2, 0.16676303999999983, 0.07159239949496715, 0.1541214370002616, 29.778799999999997, 28, 29, 30
57, CO, 2, 1, 3, 3, 0.13398868131698993, 0.049931034357652726, 0.10761859913113225, 28.15662647091083, 28, 25, 29
58, HISTORY, 1, 0, 1, 2, 0.06104510000000009, 0.0497348452817063, 0.13542405806645275, 29.054499999999997, 29, 29, 30
58, CVP, 1, 0, 1, 1, 0.3072862047999999, 0.2771887560566696, 0.6516045470858907, 32.383237, 29, 32, 34 
58, PCWP, 1, 0, 1, 1, 0.3808102298, 0.3713650099234788, 0.8850119170614766, 34.0, 29, 34, 34
58, HYPOVOLEMIA, 0, 2, 2, 1, 0.24576000000000003, 0.19895047999999999, 0.4107571867012809, 30.2, 29, 30, 31
58, LVFAILURE, 0, 3, 3, 1, 0.0685899999999999, 0.06811537999999978, 0.1843774577625794, 30.250000000000004, 29, 30, 35
58, STROKEVOLUME, 2, 1, 3, 2, 0.16676303999999995, 0.07159239949496726, 0.15412143700026182, 30.778800000000004, 29, 30, 31
58, CO, 2, 1, 3, 3, 0.13356339091125757, 0.04927177841756225, 0.1061067702344074, 29.12616035837589, 29, 26, 30
59, CVP, 1, 0, 1, 2, 0.24594869118761048, 0.17495174787220397, 0.3869815401652827, 32.1084176146789, 29, 29, 33
59, PCWP, 1, 0, 1, 2, 0.2459486911876105, 0.17469341536493674, 0.38652925963770685, 32.21603596330275, 29, 29, 33
59, LVEDVOLUME, 2, 2, 4, 1, 0.2682804477737564, 0.23579505660244102, 0.5124418477069071, 33.57444036697248, 29, 31, 34
59, STROKEVOLUME, 2, 1, 3, 1, 0.23488931908088545, 0.18583927408137108, 0.3837244011165479, 31.798183486238532, 29, 30, 32
59, CO, 2, 1, 3, 2, 0.18801651561931954, 0.13221060886523878, 0.2746316350221536, 29.073972122117244, 29, 25, 31
59, BP, 2, 0, 2, 3, 0.09799768933532213, 0.04052306482823001, 0.08172933109150682,  27.643201871577002, 29, 21, 29
60, EXPCO2, 2, 0, 2, 2, 0.06652810907531198, 0.029321374042719284, 0.09548874254235162, 22.916116661434085, 23, 16, 26
60, PVSAT, 2, 1, 3, 3, 0.25074913168841273, 0.21848016423050667, 0.49087017633783514, 26.403154136758552, 23, 20, 29
60, SAO2, 2, 1, 3, 3, 0.2311732560771914, 0.18900624181496967, 0.41586671499725525, 24.72933702005364, 23, 11, 26
60, INTUBATION, 0, 5, 5, 1, 0.061537106610959166, 0.03327387518385605, 0.14190184647979387, 23.39000000012343, 23, 23, 31
60, DISCONNECT, 0, 1, 1, 3, 0.08443637503789014, 0.034254461553892335, 0.06585211870466567, 22.800000000482672, 23, 21, 23
60, MINVOLSET, 0, 1, 1, 4, 0.1019348589422311, 0.0560786323392371, 0.1086074084701838, 22.950000000129325, 23, 22, 23
60, VENTMACH, 1, 1, 2, 3, 0.15771277922811366, 0.08954623880210028, 0.17953029365396556, 24.732000000756027, 23, 23, 25
60, VENTTUBE, 2, 2, 4, 2, 0.25287176686031587, 0.17079282342849317, 0.38236083450519076, 26.598528000793, 23, 24, 30
60, VENTLUNG, 3, 3, 6, 1, 0.3026653896236821, 0.251796809462258, 0.5935483894312763, 29.16661569277308, 23, 26, 30
60, VENTALV, 2, 2, 4, 2, 0.3486664546916508, 0.30793286592372215, 0.761883684571375, 31.812336367260478, 23, 25, 33
60, ARTCO2, 1, 2, 3, 3, 0.2761751917570966, 0.21833963826433317, 0.5123979122524539, 25.500657316407846, 23, 15, 27
60, CATECHOL, 4, 1, 5, 4, 0.07327367397820181, 0.02926471865818764, 0.057770170640025986, 22.799731435733197, 23, 21, 23
61, EXPCO2, 2, 0, 2, 2, 0.06748552768532257, 0.028530691182059753, 0.08968133839484871, 26.98274409810645, 26, 25, 28
61, PVSAT, 2, 1, 3, 3, 0.016489390747196513, 0.01175262613829342, 0.03788795416021984, 26.953030213518637, 26, 16, 27
61, INTUBATION, 0, 5, 5, 1, 0.09392023888376873, 0.04652415588853598, 0.15272761834948245, 26.982559307601345, 26, 25, 30
61, VENTMACH, 1, 1, 2, 3, 0.01833968667127589, 0.004359107991453309, 0.016330581320563198, 26.832021405322003, 26, 14, 27
61, VENTTUBE, 2, 2, 4, 2, 0.059275865083291884, 0.02520093590610442, 0.07826472006205676, 28.552137072201973, 26, 24, 29
61, VENTLUNG, 3, 3, 6, 1, 0.08439950935855933, 0.04823320715310253, 0.1511907643721675, 27.731885626477272, 36, 22, 33
61, VENTALV, 2, 2, 4, 2, 0.15473535698665938, 0.09669335128650747, 0.30985293093907595, 31.29942418799901, 26, 26, 32
61, ARTCO2, 1, 2, 3, 3, 0.06367217483586843, 0.026582209432101156, 0.10556107064372244, 26.49710226467018, 26, 20, 27
62, EXPCO2, 2, 0, 2, 2, 0.0665281090754535, 0.029321374042768078, 0.09548874254242157, 22.959344003358048, 23, 17, 26
62, PVSAT, 2, 1, 3, 3, 0.2507491316868336, 0.21848016422909206, 0.49087017633532615, 26.403154136754978, 23, 20, 29
62, SAO2, 2, 1, 3, 3, 0.23232993484642428, 0.19036066525826273, 0.4196693208898101, 24.796284946240164, 23, 13, 26
62, INTUBATION, 0, 5, 5, 1, 0.061537106611274595, 0.03327387518396108, 0.14190184647992088, 23.390000000123987, 23, 23, 31
62, DISCONNECT, 0, 1, 1, 3, 0.08443637503752144, 0.03425446155365869, 0.06585211870438656, 22.800000000483415, 23, 21, 23
62, MINVOLSET, 0, 1, 1, 4, 0.10193485894174509, 0.05607863233891447, 0.1086074084697839, 22.900000000306008, 23, 22, 23
62, VENTMACH, 1, 1, 2, 3, 0.15771277922735027, 0.08954623880152635, 0.17953029365323014, 24.732000000757214, 23, 23, 25
62, VENTTUBE, 2, 2, 4, 2, 0.2528717668591483, 0.17079282342738628, 0.3823608345035576, 26.598528000794158, 23, 24, 30
62, VENTLUNG, 3, 3, 6, 1, 0.30266538962230466, 0.2517968094607378, 0.5935483894286637, 29.166615692778787, 23, 26, 34
62, VENTALV, 2, 2, 4, 2, 0.3486664546905185, 0.30793286592240776, 0.761883684569233, 31.812336367264123, 23, 25, 33
62, ARTCO2, 1, 2, 3, 3, 0.2761751917556906, 0.21833963826299205, 0.5123979122502029, 25.500657316407374, 23, 15, 27
62, CATECHOL, 4, 1, 5, 4, 0.07338198420848455, 0.029333694879572714, 0.057902675046007435, 22.799560912652723, 23, 21, 23 
63, EXPCO2, 2, 0, 2, 2, 0.16058703892339432, 0.11690707344223213, 0.3106735620240927, 28.54449232778258, 26, 22, 29
63, KINKEDTUBE, 0, 2, 2, 2, 0.007617671308732595, 0.003963511233710332, 0.009083158418763504, 26.012796007573876, 26, 26, 28
63, PVSAT, 2, 1, 3, 3, 0.08518172265433925, 0.054982886515189816, 0.13070714331629607, 25.87953328656017, 26, 24, 26
63, INTUBATION, 0, 5, 5, 1, 0.03581883231203063, 0.02394546472308573, 0.07906984419965157, 25.98772151364594, 26, 25, 26
63, VENTTUBE, 2, 2, 4, 2, 0.12294113035429566, 0.048235352711029716, 0.15176924208127518, 26.82168256245218, 26, 26, 27
63, VENTLUNG, 3, 3, 6, 1, 0.16727816554520233, 0.14346877443838835, 0.38038300339609843, 29.938075261180323, 26, 29, 32
63, VENTALV, 2, 2, 4, 2, 0.08771203299222555, 0.07469184128475309, 0.18262414855858466, 27.132008847550768, 26, 24, 31
64, VENTMACH, 1, 1, 2, 1, 0.16559999765724437, 0.14187678774698398, 0.44916983637491514, 31.0, 30, 31, 31
64, VENTTUBE, 2, 2, 4, 2, 0.14307839829976543, 0.07199527587852493, 0.29578334756880753, 29.92624000130163, 30, 29, 30
65, VENTMACH, 1, 1, 2, 1, 0.19129825618426752, 0.1639137976741164, 0.4881445576650495, 31, 29, 31, 31
65, VENTTUBE, 2, 2, 4, 2, 0.1458190659091066, 0.05927575590500661, 0.2602229179249566, 29.94084692802344, 29, 29, 30
65, VENTLUNG, 3, 3, 6, 3, 0.04284627468491636, 0.022804880870717248, 0.09543012833881348, 28.901467985296186, 29, 26, 29
66, EXPCO2, 2, 0, 2, 4, 0.083870779894826, 0.037136370989856504, 0.15827316874247027, 29.501219012996202, 29, 23, 30
66, MINVOL, 2, 0, 2, 4, 0.08666201466771278, 0.03726715834229771, 0.1568605818407846, 29.5012190129962, 29, 23, 30
66, VENTMACH, 1, 1, 2, 1, 0.16559999992520114, 0.1418767899037162, 0.4491698415963493, 33.0, 29, 33, 33
66, VENTTUBE, 2, 2, 4, 2, 0.1430783999762926, 0.0719952771365815, 0.2957833509504172, 31.926239999955406, 29, 31, 32
66, VENTLUNG, 3, 3, 6, 3, 0.09057816586747382, 0.04435435346676722, 0.18020590604652315, 30.808579916516155, 29, 28, 31
67, PRESS, 3, 0, 3, 3, 0.14843027760286842, 0.10352481681955261, 0.32504433106006037, 28.614171638672087, 30, 25, 31
67, VENTMACH, 1, 1, 2, 1, 0.39111284963611603, 0.37550990337781154, 0.9091344692042892, 33, 30, 33, 33
67, VENTTUBE, 2, 2, 4, 2, 0.19127439283702655, 0.15743914357328087, 0.451109116432062, 31.731100727854, 30, 31, 32
67, VENTLUNG, 3, 3, 6, 3, 0.0032264173270622784, 8.229706383356961E-4, 0.0024181671937777427, 30.00457013567442, 30, 27, 31
68, VENTMACH, 1, 1, 2, 1, 0.1655999995827223, 0.14187678957910704, 0.4491698408031982, 35, 34, 35, 35
68, VENTTUBE, 2, 2, 4, 2, 0.14307839969680267, 0.07199527688391252, 0.2957833502959579, 33.92624000023324, 34, 33, 34
69, HYPOVOLEMIA, 0, 2, 2, 2, 0.11005296488041408, 0.07528889222477803, 0.19440438190238374, 29.908768109598633, 30, 29, 30
69, LVEDVOLUME, 2, 2, 4, 1, 0.1459876556014353, 0.1378353013637308, 0.352965259740622, 32, 30, 32, 32
69, LVFAILURE, 0, 3, 3, 2, 0.004585660157544856, 0.0028517741396058838, 0.008419293286684337, 30, 30, 30, 30
70, HISTORY, 1, 0, 1, 3, 0.055551040999999954, 0.0416423158348288, 0.10390508388109376, 28.0545, 28, 28, 29
70, CVP, 1, 0, 1, 2, 0.279630446368, 0.2360668188079214, 0.5178008720127721,  31.383237000000005, 28, 31, 33
70, HYPOVOLEMIA, 0, 2, 2, 2, 0.22364159999999988, 0.17091369372799986, 0.3587739954567356, 29.199999999999996, 28, 29, 30
70, LVEDVOLUME, 2, 2, 4, 1, 0.3808102297999999, 0.38763305537799997, 0.8850119170614763, 34, 28, 34, 34
70, LVFAILURE, 0, 3, 3, 2, 0.06241690000000006, 0.05703208989800013, 0.14051458485154322, 29.199999999999996, 28, 29, 33
70, STROKEVOLUME, 2, 1, 3, 3, 0.1517543664, 0.05963231963908311, 0.1221238973931138, 29.778800000000004, 28, 29, 30
70, CO, 2, 1, 3, 4, 0.13842528772799997, 0.04526146013782306, 0.09255771003071067, 28.759211999999998, 28, 28, 29
71, HISTORY, 1, 0, 1, 3, 0.0707345299999999, 0.05133239382050914, 0.1421324978782793, 30.891000000000002, 31, 29, 31
71, CVP, 1, 0, 1, 2, 0.1603595397000001, 0.09240953012088104, 0.2722186068991226, 31.732705000000003, 31, 31, 33
71, LVEDVOLUME, 2, 2, 4, 1, 0.2324051299999999, 0.22263396844999994, 0.5447676043323939, 34.0, 31, 34, 34
71, LVFAILURE, 0, 3, 3, 2, 0.07947699999999994, 0.07030333544999992, 0.1915081837302406, 32.0, 31, 32, 32
72, CVP, 1, 0, 1, 2, 0.12858300000000006, 0.08077547582013458, 0.22502416944806453, 32.0, 32, 32, 32
72, LVEDVOLUME, 2, 2, 4, 1, 0.16379999999999997, 0.1560140000000001, 0.4016057266230165, 33.0, 32, 33, 33
73, MINVOLSET, 0, 1, 1, 3, 0.03294780417058411, 0.024079860138071285, 0.057609490188442525, 31.30000000227923, 32, 22, 32
73, VENTMACH, 1, 1, 2, 2, 0.07205443681669622, 0.041925187118117546, 0.10412573621494015, 32.01600000313695, 32, 23, 33
73, VENTTUBE, 2, 2, 4, 1, 0.14605077330429472, 0.08063934234147019, 0.20777668454629428, 32.905376002952735, 32, 28, 34
74, KINKEDTUBE, 0, 2, 2, 1, 0.04550312853317942, 0.04424578304816773, 0.1383721444139132, 29.805330742415848, 30, 27, 30
74, DISCONNECT, 0, 1, 1, 2, 0.11015453585944496, 0.045936300465204916, 0.08799015511771446, 28.948297727839982, 30, 24, 30
74, MINVOLSET, 0, 1, 1, 3, 0.07576180870193089, 0.02884541357392767, 0.05606040556830738, 29.352091844141814, 30, 24, 30
74, VENTMACH, 1, 1, 2, 2, 0.13892956482062457, 0.06124141206071254, 0.11883435690520616, 29.758182778812216, 30, 25, 31
74, VENTTUBE, 2, 2, 4, 1, 0.25140674748967856, 0.14491688762477956, 0.2993073673363751, 30.231743624494634, 30, 25, 33
75, MINVOLSET, 0, 1, 1, 3, 0.035403683326886995, 0.027241068413665137, 0.06379452173579425, 28.245619693669745, 29, 19, 29
75, VENTMACH, 1, 1, 2, 2, 0.07747342841900723, 0.0468388312210134, 0.11402660935003839, 28.941514454745096, 29, 20, 30
75, VENTTUBE, 2, 2, 4, 1, 0.1560626758362022, 0.08825278411764648, 0.22374550949326033, 29.83667844450417, 29, 25, 31
76, EXPCO2, 2, 0, 2, 3, 0.03078353792588908, 0.012084095529426853, 0.025012449008082083, 24.005142690569294, 24, 14, 30
76, MINVOL, 2, 0, 2, 3, 0.27011040432222505, 0.22645404722958745, 0.4908701763313247, 29.728558132761012, 24, 25, 31
76, SAO2, 2, 1, 3, 1, 0.2936605388880832, 0.2696155881320486, 0.6259854542992012, 32.0137475162032, 24, 28, 33
76, DISCONNECT, 0, 1, 1, 4, 0.0706602614002539, 0.0263636973067512, 0.05106594023390221, 23.800000002913777, 24, 13, 25
76, MINVOLSET, 0, 1, 1, 5, 0.09224715029848374, 0.046305309002364514, 0.08705616128053095, 25.150000002494664, 24, 15, 26
76, VENTMACH, 1, 1, 2, 4, 0.14372176103122883, 0.07469945803856243, 0.1466912897183522, 25.71000000372915, 24, 18, 27
76, VENTTUBE, 2, 2, 4, 3, 0.22629318166598433, 0.1362001568778371, 0.2976581285860389, 28.05364800586908, 24, 22, 30
76, VENTLUNG, 3, 3, 6, 2, 0.2717856827428998, 0.20577468810291538, 0.4599587647356043, 30.40185278980057, 24, 25, 32
76, VENTALV, 2, 2, 4, 1, 0.299868069600204, 0.28018879476312647, NaN, 33.506004319843996, 24, 32, 34
76, ARTCO2, 1, 2, 3, 2, 0.2793335988090031, 0.23886538662079132, 0.5449874068251152, 30.908756080793573, 24, 26, 32
76, CATECHOL, 4, 1, 5, 2, 0.07936987442581747, 0.0328989235865218, 0.06313773646843479, 25.295457739708944, 24, 19, 26
77, EXPCO2, 2, 0, 2, 3, 0.19080505350582141, 0.13496743272467432, 0.24323858963061873, 23.111341525150458, 21, 21, 30
77, KINKEDTUBE, 0, 2, 2, 3, 0.054019238031564554, 0.0401519950492103, 0.07258615341654129, 21.360000001634724, 21, 21, 30
77, MINVOL, 2, 0, 2, 3, 0.2506358300092495, 0.17787956387012682, 0.3294074750655336, 25.184245522873084, 21, 24, 27
77, FIO2, 0, 1, 1, 1, 0.06630405137909573, 0.04611247201692731, 0.15347942815364135, 20.999999999999996, 21, 21, 21
77, SAO2, 2, 1, 3, 1, 0.38730886471546233, 0.34322065885279224, 0.7930437198689845, 29.868221952488888, 21, 28, 30
77, SHUNT, 2, 1, 3, 2, 0.06022534782330128, 0.0199366955786226, 0.03409618273184023, 20.69071499931458, 21, 18, 21
77, INTUBATION, 0, 5, 5, 2, 0.06764520519888814, 0.04887258970422048, 0.0880320978190402, 22.550000002023502, 21, 22, 33
77, PRESS, 3, 0, 3, 3, 0.20455686071569062, 0.11732879192785167, 0.21206786700815028, 22.362943815733242, 21, 22, 27
77, DISCONNECT, 0, 1, 1, 4, 0.12381741355123158, 0.08682535865444685, 0.15151268053219014, 21.60000000248984, 21, 21, 27
77, VENTMACH, 1, 1, 2, 4, 0.030304567949968678, 0.01105672741649405, 0.019296398616608812, 20.88000000008093, 21, 18, 27
77, VENTTUBE, 2, 2, 4, 3, 0.1769735823618469, 0.13003005909936072, 0.23911774582755718, 23.756880003647453, 21, 22, 30
77, VENTLUNG, 3, 3, 6, 2, 0.3098588126448746, 0.281129810761823, 0.5671039219547136, 27.997324623776805, 21, 23, 32
77, VENTALV, 2, 2, 4, 1, 0.35458469851493457, 0.3387431520844115, NaN, 32.34548664158053, 21, 32, 34
77, ARTCO2, 1, 2, 3, 2, 0.3142659825072998, 0.28217849930882405, 0.5896340584494404, 28.902193238448575, 21, 21, 32
78, MINVOL, 2, 0, 2, 3, 0.18898319981878903, 0.15504251470819963, 0.3710887131589796, 28.90794434296915, 25, 23, 30
78, SAO2, 2, 1, 3, 1, 0.21444853955398863, 0.18986240545193311, 0.4891664218936479, 30.19303516738366, 25, 25, 31
78, DISCONNECT, 0, 1, 1, 4, 0.07857628377656657, 0.03426130340710029, 0.07919109675225133, 23.86285856706164, 25, 13, 25
78, VENTMACH, 1, 1, 2, 4, 0.05894321192560317, 0.027309052719393323, 0.06039428303523775, 24.31926513359857, 25, 14, 25
78, VENTTUBE, 2, 2, 4, 3, 0.1511965213602728, 0.08117467479365506, 0.20326947506988613, 26.396255323308026, 25, 18, 28
78, VENTLUNG, 3, 3, 6, 2, 0.19014533759988947, 0.12887046424367882, 0.32901950063883256, 28.850090483523235, 25, 23, 30
78, VENTALV, 2, 2, 4, 1, 0.2124854147971271, 0.19848643127648308, NaN, 31.64140312603443, 25, 30, 32
78, ARTCO2, 1, 2, 3, 2, 0.20005628009773038, 0.16500600846832997, 0.4161251873020314, 29.13078567223203, 25, 25, 30
79, MINVOL, 2, 0, 2, 3, 0.09125392737333972, 0.06743565567006432, 0.18912849994971243, 29.489399634759863, 26, 24, 30
79, SAO2, 2, 1, 3, 1, 0.1257927073451007, 0.10048933560777612, 0.3191988577820046, 31.519978848565255, 26, 26, 32
79, MINVOLSET, 0, 1, 1, 5, 0.03000566792772031, 0.02098491367487018, 0.05197765149299938, 25.87947439488626, 26, 19, 26
79, VENTMACH, 1, 1, 2, 4, 0.03814327676186593, 0.02714365814937761, 0.06794899461401094, 26.833192479952853, 26, 19, 27
79, VENTTUBE, 2, 2, 4, 3, 0.04814604779646104, 0.03573434285591866, 0.09042519673827915, 27.816315217756348, 26, 18, 29
79, VENTLUNG, 3, 3, 6, 2, 0.09767457877839981, 0.07686094555660784, 0.21467211775163741, 30.64693498456695, 26, 26, 31
79, VENTALV, 2, 2, 4, 1, 0.11591854669613602, 0.10846015824668173, NaN, 32.82448801180376, 26, 31, 33
79, ARTCO2, 1, 2, 3, 2, 0.11136203398574536, 0.08322898363836348, 0.25546857933021977, 31.3167590300285, 26, 24, 32
80, PVSAT, 2, 1, 3, 1, 0.05405959230113991, 0.04586656529302697, 0.14640644959486282, 32.82312718369146, 30, 27, 33
80, VENTLUNG, 3, 3, 6, 3, 0.017036055937482093, 0.007390059488127751, 0.028240199886212236, 30.668540321084514, 30, 11, 31
80, VENTALV, 2, 2, 4, 2, 0.034830969314917845, 0.028045671148989496, 0.0880536149176312, 31.963878663375592, 30, 27, 33
80, ARTCO2, 1, 2, 3, 2, 0.031246549143002005, 0.01488994959561668, 0.05881889645552918, 30.67513437926729, 30, 22, 31
81, MINVOL, 2, 0, 2, 3, 0.21702635200467335, 0.16423942561118776, 0.3703920175343991, 27.55954026259693, 23, 21, 29
81, PVSAT, 2, 1, 3, 1, 0.2558110999221972, 0.2359184743108083, 0.5648106470488286, 30.605231764698008, 23, 26, 31
81, MINVOLSET, 0, 1, 1, 6, 0.07412732791171443, 0.032719456028970695, 0.0677193763606404, 23.0566862181418, 23, 11, 24
81, VENTMACH, 1, 1, 2, 5, 0.1155175674200691, 0.05224644478651594, 0.11326560716947887, 23.354140566926482, 23, 12, 25
81, VENTTUBE, 2, 2, 4, 4, 0.18183197699186943, 0.09464904430285487, 0.2250969028993004, 24.033344584750278, 23, 12, 27
81, VENTLUNG, 3, 3, 6, 3, 0.21708627063406535, 0.14390439765457425, 0.3394697352186993, 27.426026658271724, 23, 21, 29
81, VENTALV, 2, 2, 4, 2, 0.24056038841324512, 0.20586650505764947, 0.47743764322297355, 29.52949443880841, 23, 27, 30
81, ARTCO2, 1, 2, 3, 2, 0.22452611493417438, 0.1748026951752518, 0.4057303165322711, 27.782217896902754, 23, 23, 29
81, CATECHOL, 4, 1, 5, 1, 0.020848528707830688, 0.008260452204430169, 0.016657327022740254, 22.824635814220084, 23, 16, 23
82, EXPCO2, 2, 0, 2, 3, 0.3170920663849115, 0.22966093415965216, 0.3807173712316828, 25.987044717576765, 27, 23, 28
82, MINVOL, 2, 0, 2, 3, 0.1766932135774381, 0.06857561969709963, 0.10610513177349434, 25.534073281389205, 27, 18, 28
82, PULMEMBOLUS, 0, 2, 2, 2, 0.010737415114413921, 0.0058228324879216475, 0.009477827086545876, 27.050000000035002, 27, 27, 32
82, SHUNT, 2, 1, 3, 1, 0.4565264794935384, 0.4428306851151717, 0.868716996249074, 33.00000000000001, 27, 33, 33
82, INTUBATION, 0, 5, 5, 2, 0.3982585776176819, 0.3445506206170257, 0.6087841330999155, 31.35917819488847, 27, 31, 32
82, VENTTUBE, 2, 2, 4, 4, 0.17569064304637852, 0.07584233314876115, 0.13531790526486875, 21.00588808673767, 27, 17, 29
82, VENTLUNG, 3, 3, 6, 3, 0.33650364096861973, 0.2534571191698262, 0.42594573729655316, 27.6234140615705, 27, 25, 30
83, MINVOL, 2, 0, 2, 2, 0.07355499439074686, 0.05317819331309842, 0.11273389786012944, 30.02957693347862, 29, 23, 31
83, PULMEMBOLUS, 0, 2, 2, 1, 0.016336957431923982, 0.013240736523997515, 0.02623932868684553, 29.030546836852427, 29, 29, 32
83, INTUBATION, 0, 5, 5, 1, 0.08425647925926882, 0.07505308256780076, 0.15746192029643064, 32.04977147476446, 29, 32, 33
83, PRESS, 3, 0, 3, 2, 0.06614102770999708, 0.03139084476596468, 0.07454553116229767, 28.424441546888843, 29, 22, 29
83, VENTALV, 2, 2, 4, 2, 0.07442706552305038, 0.04595725091111719, 0.10189438989191613, 29.690154281950672, 29, 25, 30
84, MINVOL, 2, 0, 2, 2, 0.02264089188662121, 0.008025703890212121, 0.020104621526096322, 26.364570039713637, 31, 15, 31
84, INTUBATION, 0, 5, 5, 1, 0.09926928858532764, 0.08908035672146468, 0.1888554725299752, 32.0, 31, 32, 32
85, MINVOL, 2, 0, 2, 2, 0.04707219890384902, 0.02256919406138111, 0.05057336014864333, 30.620761241277037, 32, 25, 31
85, PULMEMBOLUS, 0, 2, 2, 1, 0.0160281000048023, 0.012974746954442173, 0.02577164223513545, 32.02000000000519, 32, 32, 34
85, INTUBATION, 0, 5, 5, 1, 0.0847304999532254, 0.07557113290711055, 0.15910726011443388, 34.04999999997168, 32, 34, 35
85, VENTALV, 2, 2, 4, 2, 0.07630136192535238, 0.03015934927644809, 0.07771151391913117, 31.536363973723805, 32, 26, 32
86, HISTORY, 1, 0, 1, 2, 0.3605289137627999, 0.2916839084546336, 0.5133594782277854, 30.0, 27, 30, 30
86, PCWP, 1, 0, 1, 3, 0.15950972683859702, 0.0687905667957262, 0.11826971645341522, 27.999999999999996, 27, 28, 28
86, HYPOVOLEMIA, 0, 2, 2, 1, 0.08618011435512765, 0.038574777452448084, 0.06224911657373022, 27.579013652145775, 27, 27, 32
86, LVEDVOLUME, 2, 2, 4, 2, 0.17525042560903434, 0.08665092249572337, 0.1580245121970556, 29.24554621701752, 27, 29, 30
86, LVFAILURE, 0, 3, 3, 1, 0.4050886671492134, 0.3563819105321899, 0.6511839780142987, 31.404946607078823, 27, 31, 32
86, CO, 2, 1, 3, 1, 0.008566255122930994, 0.015772801458878605, 0.08477467448774956,  27.000000000000004, 27, 27, 27
87, LVFAILURE, 0, 3, 3, 1, 0.014656191258368475, 0.010519326065502432, 0.032513534546091905, 32.0, 32, 32, 32
87, CO, 2, 1, 3, 1, 0.03710275261332788, 0.022815396124895054, 0.10120984411711986, 31.81069129463581, 32, 30, 32
88, HISTORY, 1, 0, 1, 2, 0.11482082039105279, 0.06038005072736985, 0.10529264027079077, 27.127000150298148, 23, 27, 28
88, CVP, 1, 0, 1, 3, 0.20944003565149488, 0.09306997203431266, 0.1422420124111471, 26.247251683932813, 23, 24, 27
88, PCWP, 1, 0, 1, 3, 0.2504349835512572, 0.12823461980813944, 0.19800321683766597, 26.168291227733434, 23, 24, 27
88, HYPOVOLEMIA, 0, 2, 2, 1, 0.22559780165336607, 0.11500172248408241, 0.18050200481614154, 27.34573395315824, 23, 27, 28
88, LVEDVOLUME, 2, 2, 4, 2, 0.2752032786277552, 0.15663454722211773, 0.24575050881565874, 28.576383073751757, 23, 27, 30
88, LVFAILURE, 0, 3, 3, 1, 0.12901215774275598, 0.07401948315650647, 0.13884881062046395, 28.525843372126506, 23, 28, 30
88, HRBP, 2, 0, 2, 3, 0.04645978181360143, 0.02001969089317951, 0.036133828095559206, 22.42237424845084, 23, 22, 29
88, ERRCAUTER, 0, 2, 2, 4, 0.039003428524732084, 0.01916276342922779, 0.036262427786522666, 23.29745600666788, 23, 23, 30
88, HRSAT, 2, 0, 2, 3, 0.03548696723260643, 0.01211437577361002, 0.021191062979165176, 23.201549868357, 23, 23, 28
88, HR, 1, 4, 5, 2, 0.04968939505498131, 0.026918413375504324, 0.05884244099416103, 26.264379295791127, 23, 26, 31
89, HISTORY, 1, 0, 1, 2, 0.06628720000000006, 0.04444674972729373, 0.08120387974685717, 30.891000000000002, 30, 29, 31
89, HYPOVOLEMIA, 0, 2, 2, 1, 0.12511999999999995, 0.05413855999999995, 0.12143636507721112, 30.4, 30, 30, 32
89, LVEDVOLUME, 2, 2, 4, 2, 0.15471856000000003, 0.06456002331655497, 0.15412143700026193, 31.1943, 30, 29, 32
89, LVFAILURE, 0, 3, 3, 1, 0.07448, 0.060872959999999976, 0.11437684860079367, 32.1, 30, 32, 34
89, CO, 2, 1, 3, 1, 0.2638138295622436, 0.18630703248519187, 0.4692414310236885, 30.75851202014163, 30, 28, 32
90, HISTORY, 1, 0, 1, 2, 0.07105449291363172, 0.04793276876684888, 0.0840684918494462, 28.88687971122428, 28, 27, 29
90, HYPOVOLEMIA, 0, 2, 2, 1, 0.13822856496935323, 0.060088973835468296, 0.1230268092699448, 28.619408414445672, 28, 28, 31
90, LVEDVOLUME, 2, 2, 4, 2, 0.1691844896136044, 0.07186324821926193, 0.15866688714557042, 28.785493637291157, 28, 28, 29
90, LVFAILURE, 0, 3, 3, 1, 0.07983650889172098, 0.06513115908778294, 0.11812561876731975, 30.052314768975123, 28, 30, 31
91, HISTORY, 1, 0, 1, 2, 0.06628719999999994, 0.04444674972729351, 0.08120387974685717, 30.8365, 30, 28, 31
91, HYPOVOLEMIA, 0, 2, 2, 1, 0.12512000000000006, 0.05413856000000006, 0.12143636507721123, 30.4, 30, 29, 31
91, LVEDVOLUME, 2, 2, 4, 2, 0.15471856, 0.0645600233165548, 0.15412143700026182, 30.4924, 30, 29, 31
91, LVFAILURE, 0, 3, 3, 1, 0.07448000000000002, 0.06087296000000003, 0.11437684860079378, 32.05, 30, 32, 33
91, CO, 2, 1, 3, 1, 0.2241907461137792, 0.1934383415797727, 0.4572500659068698, 32.46525904028015, 30, 30, 33
92, HYPOVOLEMIA, 0, 2, 2, 1, 0.13119999999999998, 0.05955199999999994, 0.15693394846112607, 31.8, 32, 31, 32
92, CO, 2, 1, 3, 1, 0.18218741080753625, 0.15007699409956254, 0.38328625974606445, 32.183588669477835, 32, 32, 33
93, HISTORY, 1, 0, 1, 2, 0.06628719999999995, 0.0444467497272934, 0.08120387974685717, 30.8365, 30, 28, 31
93, HYPOVOLEMIA, 0, 2, 2, 1, 0.12511999999999995, 0.054138559999999836, 0.12143636507721112, 30.4, 30, 30, 32
93, LVEDVOLUME, 2, 2, 4, 2, 0.15471856, 0.06456002331655475, 0.15412143700026182, 30.492400000000004, 30, 29, 31
93, LVFAILURE, 0, 3, 3, 1, 0.07448, 0.06087295999999992, 0.11437684860079367, 32.05, 30, 32, 33
93, CO, 2, 1, 3, 1, 0.2236094785233078, 0.19635959572114564, 0.46613844392965054, 32.213039574796085, 30, 28, 33
94, HRBP, 2, 0, 2, 3, 0.07391771060385634, 0.06017731294661777, 0.14455322982918117, 26.411683850890263, 26, 20, 28
94, HREKG, 2, 0, 2, 3, 0.07173836095739156, 0.05773727181462274, 0.1381378810707592,  25.301005072333265, 26, 18, 27
94, HRSAT, 2, 0, 2, 3, 0.07173836095739156, 0.05773727181462274, 0.1381378810707592, 25.301005072333265, 26, 18, 27
94, CATECHOL, 4, 1, 5, 1, 0.12675242957868915, 0.12106600196575834, 0.26973469955937857, 31.0, 26, 31, 31
94, HR, 1, 4, 5, 2, 0.08029649720469059, 0.0694339233053679, 0.1684468038627729, 28.88750228516653, 26, 24, 30
94, CO, 2, 1, 3, 2, 0.07238332305351201, 0.07493537409051321, 0.19255809315226546, 24.440810137340936, 26, 16, 30
95, ANAPHYLAXIS, 0, 1, 1, 1, 0.008156596703866537, 0.006979949483696846, 0.015639360848928696, 30.020538740875992, 30, 30, 32
95, CATECHOL, 4, 1, 5, 1, 0.0013479286246287096, 9.754961086306801E-4, 0.0020235776579158316, 29.999999999999996, 30, 30, 30
95, BP, 2, 0, 2, 1, 0.1541271066958077, 0.18378219603501117, 0.48978157328954497, 25.59917073958332, 30, 22, 29
96, HRBP, 2, 0, 2, 3, 0.05271802282750322, 0.02224445856292978, 0.04741407658898855, 29.728153292669788, 27, 15, 30
96, HREKG, 2, 0, 2, 3, 0.047714979945902486, 0.02004564838743983, 0.042564950194781126, 27.900895152882704, 27, 27, 28
96, HRSAT, 2, 0, 2, 3, 0.047714979945902486, 0.02004564838743983, 0.042564950194781126, 27.900895152882704, 27, 27, 28
96, ANAPHYLAXIS, 0, 1, 1, 1, 0.007722000030700659, 0.006916140004479376, 0.01555558766358689, 27.070000000138005, 27, 27, 34
96, CATECHOL, 4, 1, 5, 1, 0.06393938472070393, 0.05587935251246501, 0.11875134520470243, 32.1001342821334, 27, 32, 33
96, HR, 1, 4, 5, 2, 0.054348477141755995, 0.024346290594244202, 0.05169207767545103, 31.0, 27, 31, 31
96, CO, 2, 1, 3, 2, 0.04049400681573432, 0.011893067461687501, 0.026014351950339742, 25.24019642963784, 27, 20, 27
96, BP, 2, 0, 2, 1, 0.14113552670873475, 0.17241960648098315, 0.4577444369295467, 21.462860170106076, 27, 10, 29
97, HRBP, 2, 0, 2, 3, 0.04954790834808949, 0.021104152169069357, 0.04491937133795609, 28.99429942581464, 27, 26, 30
97, HREKG, 2, 0, 2, 3, 0.047714979945902514, 0.02004564838743983, 0.04256495019478135, 27.900895152882704, 27, 27, 28
97, HRSAT, 2, 0, 2, 3, 0.047714979945902514, 0.02004564838743983, 0.04256495019478135, 27.900895152882704, 27, 27, 28
97, ANAPHYLAXIS, 0, 1, 1, 1, 0.007722000030700605, 0.006916140004479376, 0.015555587663587112, 27.070000000138002, 27, 27, 34
97, CATECHOL, 4, 1, 5, 1, 0.06393938472070397, 0.0558793525124649, 0.11875134520470243, 32.1001342821334, 27, 32, 33
97, HR, 1, 4, 5, 2, 0.054348477141755946, 0.02434629059424398, 0.05169207767545103, 31.0, 27, 31, 31
97, CO, 2, 1, 3, 2, 0.04627472768462308, 0.015558608786242267, 0.033681111508311545, 25.698796982831176, 27, 15, 27
97, BP, 2, 0, 2, 1, 0.17494955442857585, 0.2080246597560606, 0.5349434214108182, 24.92144362795085, 27, 20, 29
98, HRBP, 2, 0, 2, 3, 0.049598821946073485, 0.021132373972593266, 0.04497851665064667, 28.99436731419027, 27, 26, 30
98, HREKG, 2, 0, 2, 3, 0.04776401009445516, 0.02007232316625518, 0.042620613997720325, 27.900898899430775, 27, 27, 28
98, HRSAT, 2, 0, 2, 3, 0.04776401009445516, 0.02007232316625518, 0.042620613997720325, 27.900898899430775, 27, 27, 28
98, ANAPHYLAXIS, 0, 1, 1, 1, 0.007722000030724393, 0.006916140004482485, 0.015555587663590664, 27.070000000138077, 27, 27, 34
98, CATECHOL, 4, 1, 5, 1, 0.0640050864675091, 0.05592758516826124, 0.11885050569266475, 32.100220754224814, 27, 32, 33
98, HR, 1, 4, 5, 2, 0.054404323626673044, 0.024378352680748394, 0.05175924215733141, 31.0, 27, 31, 31
98, CO, 2, 1, 3, 2, 0.040535616959381404, 0.011910463092145607, 0.026051818102917013, 25.240007251417616, 27, 20, 27
98, BP, 2, 0, 2, 1, 0.1411383595356111, 0.17241619786080242, 0.457732834176402, 21.462744468395243, 27, 10, 29
99, EXPCO2, 2, 0, 2, 2, 0.08338317300027726, 0.03892282148873771, 0.13648920393624087, 19.444503397775733, 19, 18, 26
99, MINVOL, 2, 0, 2, 2, 0.4286927888650608, 0.42306832820832174, 0.9374484345168844, 26.044977387229792, 19, 23, 28
99, PVSAT, 2, 1, 3, 1, 0.38071376572957694, 0.38222956748367487, NaN, 26.247044078502107, 19, 20, 32
99, SAO2, 2, 1, 3, 2, 0.35117912038193677, 0.3338246841397602, 0.734489155707074, 23.77545437385748, 19, 22, 27
99, SHUNT, 2, 1, 3, 2, 0.04451114933341344, 0.021084943779011933, 0.0942024288298966, 18.472532335888328, 19, 14, 19
99, INTUBATION, 0, 5, 5, 1, 0.06286243078775117, 0.05464406545073819, 0.21984632841930418, 20.16178830237941, 19, 20, 22
99, PRESS, 3, 0, 3, 2, 0.09707521766338062, 0.032782183739984094, 0.07345398228734634, 16.65155776247087, 19, 14, 21
99, DISCONNECT, 0, 1, 1, 3, 0.10729958095486064, 0.04503134377578577, 0.07900958415435055, 19.695673321226387, 19, 18, 20
99, MINVOLSET, 0, 1, 1, 4, 0.13365342920677192, 0.0705704659635853, 0.13110025381101886, 20.01009138828479, 19, 19, 21
99, VENTMACH, 1, 1, 2, 3, 0.20784727064452418, 0.1210989406202071, 0.22416295365749805, 20.83425417101551, 19, 20, 21
99, VENTTUBE, 2, 2, 4, 2, 0.3277072383330073, 0.24712040489053277, 0.48682800571752294, 24.1664918033444, 19, 22, 26
99, VENTLUNG, 3, 3, 6, 1, 0.4122121018879544, 0.3899156420301635, 0.8545147837256664, 25.88736306583624, 19, 24, 30
99, ARTCO2, 1, 2, 3, 1, 0.4240874717612533, 0.41074793703123436, 0.984715614950419, 25.89936871750607, 19, 21, 30
99, CATECHOL, 4, 1, 5, 3, 0.26092885334957183, 0.14497407278853675, 0.29899363309741345, 21.36749853681136, 19, 21, 22
100, EXPCO2, 2, 0, 2, 2, 0.10913414387535281, 0.0564547468570753, 0.1687341760942147, 22.079149995842197, 22, 19, 28
100, MINVOL, 2, 0, 2, 2, 0.33460012549346474, 0.30010497299218375, 0.7335262133736746, 27.528288227447803, 22, 24, 28
100, PVSAT, 2, 1, 3, 1, 0.2476191121159018, 0.24577889142269868, NaN, 26.137753363212134, 22, 21, 32
100, SAO2, 2, 1, 3, 2, 0.22668440166429346, 0.21045499399389678, 0.512116949572594, 24.37511621458969, 22, 19, 27
100, INTUBATION, 0, 5, 5, 1, 0.09123009011388766, 0.060318720304538276, 0.21147050584062188, 21.813484254809303, 22, 17, 24
100, DISCONNECT, 0, 1, 1, 3, 0.07732048730981543, 0.030285160804520983, 0.060568520959923156, 21.808746028529757, 22, 20, 22
100, MINVOLSET, 0, 1, 1, 4, 0.09473893346636444, 0.05069736745938608, 0.10292661642065237, 21.90553654728742, 22, 21, 22 
100, VENTMACH, 1, 1, 2, 3, 0.14582245533115537, 0.0803476772034597, 0.1696197261449799, 23.64106206842008, 22, 21, 24
100, VENTTUBE, 2, 2, 4, 2, 0.23341165661007163, 0.15239671791774062, 0.3559701345181744, 25.32780190030944, 22, 23, 26
100, VENTLUNG, 3, 3, 6, 1, 0.31741219487914546, 0.26711235665994026, 0.6517944279379663, 28.206420580660158, 22, 24, 32
100, ARTCO2, 1, 2, 3, 1, 0.2898083962893408, 0.2643184812258015, 0.7182011629385504, 25.81969987447073, 22, 25, 30
100, CATECHOL, 4, 1, 5, 3, 0.05119812888187562, 0.022780883035070698, 0.04814393216877022, 21.939143735996918, 22, 21, 22
101, EXPCO2, 2, 0, 2, 2, 0.040770756420575656, 0.02696721454653217, 0.09380794916330015, 23.186956168775296, 23, 23, 27
101, KINKEDTUBE, 0, 2, 2, 2, 0.044768526399216794, 0.02654879877934213, 0.051418383366862885, 23.08000000029723, 23, 23, 25
101, MINVOL, 2, 0, 2, 2, 0.44357296061134577, 0.4385420712082263, 1.0219822423241975, 26.830179327452868, 23, 25, 27
101, PVSAT, 2, 1, 3, 1, 0.4726199376167237, 0.361256209170582, NaN, 28.369565271057965, 23, 24, 32
101, SAO2, 2, 1, 3, 2, 0.4412442682091918, 0.3097380111230337, 0.7299927399125987, 25.129933992931665, 23, 22, 28
101, SHUNT, 2, 1, 3, 2, 0.05072472343221342, 0.023922000687064182, 0.10592112966823275, 22.79380999990107, 23, 21, 23
101, INTUBATION, 0, 5, 5, 1, 0.08988941098075365, 0.09554181290789088, 0.3172624986905057, 24.11000000022304, 23, 24, 26
101, PRESS, 3, 0, 3, 2, 0.12147728626265977, 0.06280057094765334, 0.21217595014626878, 23.659705199460703, 23, 16, 24
101, VENTTUBE, 2, 2, 4, 2, 0.022045114397633098, 0.01750888333116063, 0.04615056691890307,  23.060000000163626, 23, 23, 26
101, VENTLUNG, 3, 3, 6, 1, 0.46042092010067004, 0.38402947571243873, 0.9066235628286392, 27.302126317753164, 23, 26, 32
101, ARTCO2, 1, 2, 3, 1, 0.43175740627630166, 0.38672508372358694, 0.9881417315315126, 27.721078357923986, 23, 18, 31
102, HRBP, 2, 0, 2, 5, 0.07265841036589786, 0.01320681746207275, 0.02438545441740314, 13.942488170464124, 14, 11, 22
102, HREKG, 2, 0, 2, 5, 0.06997055393648405, 0.012445595899876372, 0.022985924803937907, 13.090274116882174, 14, 10, 22
102, HRSAT, 2, 0, 2, 5, 0.06997055393648405, 0.012445595899876372, 0.022985924803937907, 13.090274116882174, 14, 10, 22
102, EXPCO2, 2, 0, 2, 2, 0.05064924831174077, 0.05605130522885082, 0.1735002985851264, 13.90811116451146, 14, 12, 29
102, KINKEDTUBE, 0, 2, 2, 2, 0.021540047028624863, 0.007751140860935646, 0.015568101528323774, 15.325721631255423, 14, 15, 27
102, MINVOL, 2, 0, 2, 2, 0.44338167385691796, 0.4205063838071885, 0.925077088580206, 27.309213673664942, 14, 22, 30
102, FIO2, 0, 1, 1, 2, 0.263612252782512, 0.14191096385112534, 0.2864628062778132, 21.509121184070043, 14, 19, 28
102, PVSAT, 2, 1, 3, 1, 0.23694615053613893, 0.1811465025406382, NaN, 25.356046215848828, 14, 23, 33
102, SHUNT, 2, 1, 3, 2, 0.07704604158599476, 0.028274753044448042, 0.05674111958005423, 16.359422024619498, 14, 15, 25
102, INTUBATION, 0, 5, 5, 1, 0.04152097500116042, 0.03597221948515683, 0.13122185320875634, 14.417549078798245, 14, 14, 23
102, PRESS, 3, 0, 3, 2, 0.09559197315617954, 0.03591396843580075, 0.07660607159150024, 21.22094173766868, 14, 14, 24
102, DISCONNECT, 0, 1, 1, 3, 0.10929959244309473, 0.0411306456276056, 0.07624759862115149, 14.71452370675161, 14, 13, 23
102, MINVOLSET, 0, 1, 1, 4, 0.1458187361806546, 0.06399461848392174, 0.12519902543180894, 15.906352829043072, 14, 14, 24
102, VENTMACH, 1, 1, 2, 3, 0.22803167244816847, 0.11333628368310339, 0.21673350938362246, 19.99883863501938, 14, 18, 25
102, VENTTUBE, 2, 2, 4, 2, 0.3669508571371031, 0.25992478185640794, 0.5146743701800041, 26.637963571472476, 14, 26, 28
102, VENTLUNG, 3, 3, 6, 1, 0.44910094633165243, 0.4105649165137425, 0.8957129024911248, 28.553875077001646, 14, 25, 32
102, ARTCO2, 1, 2, 3, 1, 0.45146058347942186, 0.3995827204169963, 0.9806472828580995, 28.27893430804377, 14, 23, 33
102, CATECHOL, 4, 1, 5, 3, 0.09376246563108566, 0.025641021340699344, 0.048718818468404645, 17.772751624267016, 14, 16, 25
102, HR, 1, 4, 5, 4, 0.07969809597582295, 0.015026137835616793, 0.02777898681287083, 17.37108106775122, 14, 15, 24
102, CO, 2, 1, 3, 5, 0.05938152109079968, 0.00826445377952878, 0.015156391282527881, 13.225328017557665, 14, 10, 19
102, BP, 2, 0, 2, 5, 0.02519366711278203, 0.0016733997608264772, 0.0030477866498117567, 14.542347079561154, 14, 8, 20
103, EXPCO2, 2, 0, 2, 2, 0.10789697600216955, 0.055392966340470084, 0.16727508640612765, 24.12272292490584, 24, 21, 30
103, MINVOL, 2, 0, 2, 2, 0.348666454691651, 0.3165290756892265, 0.7618836845713752, 29.461073105973586, 24, 25, 30
103, PVSAT, 2, 1, 3, 1, 0.26532910340540355, 0.25844667914895764, NaN, 28.159930876158104, 24, 23, 34
103, SAO2, 2, 1, 3, 2, 0.24341535800874198, 0.22235767139903218, 0.532612732459323, 26.136484323766815, 24, 14, 29
103, INTUBATION, 0, 5, 5, 1, 0.08902068455709239, 0.05909393047789979, 0.21215302955493942, 23.760000000222, 24, 18, 26
103, DISCONNECT, 0, 1, 1, 3, 0.08149096687983898, 0.03284985785497907, 0.06362346660688223, 23.80000000048267, 24, 22, 24
103, MINVOLSET, 0, 1, 1, 4, 0.10009719050428807, 0.0543926074782734, 0.10768735171988308, 23.900000000305518, 24, 23, 24
103, VENTMACH, 1, 1, 2, 3, 0.15430462434623604, 0.08682650685783933, 0.17814097816825525, 25.67600000095914, 24, 24, 26
103, VENTTUBE, 2, 2, 4, 2, 0.24643124781591275, 0.16467503769683917, 0.3741879118788507, 27.291232002018088, 24, 25, 28
103, VENTLUNG, 3, 3, 6, 1, 0.3314104553375478, 0.2830875877860413, 0.6787467389773487, 29.408008291777072, 24, 27, 34
103, ARTCO2, 1, 2, 3, 1, 0.30884468647186725, 0.2830183933375846, 0.754893961165424, 27.838990407935555, 24, 26, 32
103, CATECHOL, 4, 1, 5, 3, 0.0806306352677383, 0.03582259395445775, 0.07468186449485614, 23.899865717866597, 24, 23, 24
104, EXPCO2, 2, 0, 2, 1, 0.030344393066221838, 0.029037143059988724, 0.19342743646826754, 19.296889124865483, 22, 19, 23
104, KINKEDTUBE, 0, 2, 2, 1, 0.024287877337365052, 0.012821617854529066, 0.022215028362909672, 22.20924499987168, 22, 22, 31
104, MINVOL, 2, 0, 2, 1, 0.4538694497030012, 0.40557448208530905, 0.8515067219484546, 28.632576373147785, 22, 17, 31
104, PVSAT, 2, 1, 3, 2, 0.41990541726518904, 0.3458676088379744, 0.6556803484023307, 27.331620250179945, 22, 22, 28
104, SAO2, 2, 1, 3, 3, 0.3882027583732588, 0.29619014934811616, 0.5434505400941039,  24.875618317293306, 22, 23, 25
104, SHUNT, 2, 1, 3, 2, 0.048124006465310135, 0.012223350807697209, 0.01967911625933949, 22.0, 22, 22, 22
104, INTUBATION, 0, 5, 5, 1, 0.06127889759916376, 0.024761817062190716, 0.05199921846082134, 23.12337145080016, 22, 23, 25
104, PRESS, 3, 0, 3, 2, 0.09989801291245543, 0.03888100200145167, 0.06481442882955535, 21.5076880826672, 22, 20, 24
104, VENTMACH, 1, 1, 2, 2, 0.2203913261389524, 0.10540442853137844, 0.19996229193176762, 23.64009647145815, 22, 23, 24
104, VENTTUBE, 2, 2, 4, 1, 0.3500975415198793, 0.2461929102787337, 0.46377492036332857, 25.609835137071713, 22, 24, 27
104, VENTALV, 2, 2, 4, 1, 0.43693660938778334, 0.3901886279321005, 0.8152003373865014, 29.668192371475946, 22, 19, 31
104, ARTCO2, 1, 2, 3, 2, 0.3721002793661761, 0.28840545873636314, 0.5530324364912385, 24.598163191495765, 22, 19, 26
105, EXPCO2, 2, 0, 2, 1, 0.10055368190314376, 0.048481548870787705, 0.21901662030931834, 22.63358931140914, 23, 17, 26
105, MINVOL, 2, 0, 2, 1, 0.41088377473069665, 0.3755538709587034, 0.7765663478884897, 29.273749843627286, 23, 21, 30
105, PVSAT, 2, 1, 3, 2, 0.3755220706048531, 0.3307283802011993, 0.6241640439293114, 27.22939170317894, 23, 24, 28
105, SAO2, 2, 1, 3, 3, 0.14404629610960787, 0.08372360929062184, 0.13744010789907146, 24.16479536126939, 23, 23, 26
105, DISCONNECT, 0, 1, 1, 2, 0.10201812811423472, 0.04284220522853882, 0.0689156060231002, 23.725748344644668, 23, 22, 24
105, MINVOLSET, 0, 1, 1, 3, 0.13684098936118672, 0.07248165778137422, 0.12738086312670815, 23.776611162366716, 23, 22, 24
105, VENTMACH, 1, 1, 2, 2, 0.20890364267142386, 0.12022993821404032, 0.21035765943022577, 24.677838767170964, 23, 23, 25
105, VENTTUBE, 2, 2, 4, 1, 0.3249404547842581, 0.23554397626860185, 0.4503116619016142, 27.14366460117627, 23, 25, 28
105, VENTALV, 2, 2, 4, 1, 0.41474751137900034, 0.38326850464609163, 0.8279565499208129, 29.94907144473509, 23, 22, 31
105, ARTCO2, 1, 2, 3, 2, 0.35187553808404837, 0.2949003426713946, 0.5735469924246506, 25.581892555529024, 23, 22, 26
105, CATECHOL, 4, 1, 5, 3, 0.17484805000062892, 0.060649397255834014, 0.10473713411102703, 19.67203768883562, 23, 17, 22
106, KINKEDTUBE, 0, 2, 2, 1, 0.0038385762219614924, 0.0017880979124177687, 0.005726696950630994, 29.99598359709228, 31, 29, 30
106, MINVOL, 2, 0, 2, 1, 0.09182672434309604, 0.05902754888274828, 0.2320387149020938, 31.57160811569912, 31, 26, 32
106, INTUBATION, 0, 5, 5, 1, 0.022425354646152567, 0.01856197413480727, 0.07649373157736616, 31.98399213290212, 31, 25, 32
107, EXPCO2, 2, 0, 2, 1, 0.12770863205219626, 0.07458022231873046, 0.25062579200125934, 22.98551291351217, 22, 16, 28
107, MINVOL, 2, 0, 2, 1, 0.31308609209018623, 0.26727896910413246, 0.5935483894279574, 28.677404398113737, 22, 20, 30
107, PVSAT, 2, 1, 3, 2, 0.26448352921332174, 0.23072173715362873, 0.459958764739251, 26.246845635464055, 22, 21, 28
107, SAO2, 2, 1, 3, 3, 0.24593642511676123, 0.20064587716282695, 0.3910077432101655, 23.79728951488876, 22, 12, 25
107, INTUBATION, 0, 5, 5, 1, 0.039857936199270194, 0.01026908281108141, 0.0217667660605092, 21.760000000221307, 22, 16, 24
107, DISCONNECT, 0, 1, 1, 2, 0.07599821528642595, 0.02924069508347088, 0.05362540025930085, 21.800000000483614, 22, 20, 22
107, MINVOLSET, 0, 1, 1, 3, 0.10133231952802672, 0.053872494723518016, 0.10378694337593541, 21.850000000482698, 22, 20, 22
107, VENTMACH, 1, 1, 2, 2, 0.15320384620405778, 0.0843752640848634, 0.164797663225154, 23.6200000011646, 22, 21, 24
107, VENTTUBE, 2, 2, 4, 1, 0.2407635782688972, 0.15890829504355217, 0.34506132138328205, 25.2912320020221, 22, 23, 26
107, VENTALV, 2, 2, 4, 1, 0.3314104553359293, 0.2871727424575459, 0.6787467389744436, 29.982127567451812, 22, 22, 31
107, ARTCO2, 1, 2, 3, 2, 0.26162778517205176, 0.21053254014005107, 0.4375081777475891, 25.75291082771181, 22, 22, 26
107, CATECHOL, 4, 1, 5, 3, 0.0717812838451249, 0.028435301373267552, 0.051955627816337335, 21.899757409388464, 22, 21, 22
108, EXPCO2, 2, 0, 2, 1, 0.12770863205188668, 0.07458022231837547, 0.25062579200050017, 24.985512913510167, 24, 18, 30
108, MINVOL, 2, 0, 2, 1, 0.31308609209198424, 0.26727896910610704, 0.5935483894312763, 30.67740439810948, 24, 22, 32
108, PVSAT, 2, 1, 3, 2, 0.2644835292154484, 0.2307217371555198, 0.4599587647424783, 28.246845635466887, 24, 23, 30
108, SAO2, 2, 1, 3, 3, 0.24438428532846623, 0.1988330350032434, 0.3868526913539948, 25.72933702005364, 24, 12, 27
108, INTUBATION, 0, 5, 5, 1, 0.03985793619891943, 0.01026908281091543, 0.021766766060213327, 23.760000000222, 24, 18, 26
108, DISCONNECT, 0, 1, 1, 2, 0.07599821528694894, 0.02924069508378635, 0.053625400259687095, 23.80000000048267, 24, 22, 24
108, MINVOLSET, 0, 1, 1, 3, 0.10133231952870497, 0.0538724947239555, 0.10378694337650685, 23.900000000305518, 24, 23, 24
108, VENTMACH, 1, 1, 2, 2, 0.15320384620512584, 0.084375264085632, 0.16479766322618716, 25.67600000095914, 24, 24, 26
108, VENTTUBE, 2, 2, 4, 1, 0.24076357827053763, 0.1589082950450229, 0.34506132138548573, 27.36499200178484, 24, 25, 28
108, VENTALV, 2, 2, 4, 1, 0.33141045533754787, 0.28717274245939384, 0.6787467389773488, 31.982127567451684, 24, 24, 33
108, ARTCO2, 1, 2, 3, 2, 0.261627785174036, 0.21053254014187817, 0.43750817775061823, 27.752910827711382, 24, 24, 28
108, CATECHOL, 4, 1, 5, 3, 0.07163560648965361, 0.028345315729586373, 0.05179677288061524, 23.899865717866593, 24, 23, 24
109, MINVOLSET, 0, 1, 1, 1, 0.1470696949944737, 0.13827586661050406, 0.4063195163866935, 32.957594447426544, 32, 32, 33
109, VENTTUBE, 2, 2, 4, 1, 0.21318159946257645, 0.12124859336479593, 0.47008852710076765, 31.76616696919729, 32, 31, 32
110, MINVOLSET, 0, 1, 1, 1, 0.16559999958272234, 0.1565839995858369, 0.44916984080319816, 33.950000000176196, 33, 33, 34
110, VENTTUBE, 2, 2, 4, 1, 0.2345863675342253, 0.13756149924237032, 0.5135558162049336, 32.73403200074554, 33, 32, 33
111, MINVOLSET, 0, 1, 1, 1, 0.16559999958272242, 0.15658399958583688, 0.4491698408031983, 33.950000000176196, 33, 33, 34
111, VENTTUBE, 2, 2, 4, 1, 0.23458636753422535, 0.1375614992423703, 0.5135558162049336, 32.734032000745536, 33, 32, 33
112, EXPCO2, 2, 0, 2, 2, 0.09470721230079925, 0.059862395088922105, 0.15585365920728056, 22.375721092688103, 22, 18, 25
112, KINKEDTUBE, 0, 2, 2, 2, 0.009112526865010847, 0.0055865371425855015, 0.011572980872184058, 22.060641819201077, 22, 22, 27
112, MINVOL, 2, 0, 2, 2, 0.1275207202260116, 0.0955716648164785, 0.2346747459838796, 22.932888285374123, 22, 20, 25
112, PVSAT, 2, 1, 3, 3, 0.07229394726701383, 0.0461674766260779, 0.11263824759227758, 22.134994241992977, 22, 22, 23
112, INTUBATION, 0, 5, 5, 2, 0.07521229033237808, 0.04522774973804389, 0.10972828783943589, 22.25428751984343, 22, 22, 24
112, PRESS, 3, 0, 3, 1, 0.28928721115530937, 0.19739900912394398, 0.47084764549741775, 22.412761475778908, 22, 21, 23
112, MINVOLSET, 0, 1, 1, 2, 0.16210446374968096, 0.19093445686253563, 0.46127644738459916, 23.245177029798537, 22, 21, 30
112, VENTMACH, 1, 1, 2, 1, 0.2609971812218775, 0.3016844864240137, 0.7473534179062217, 25.460276227062952, 22, 21, 31
112, VENTLUNG, 3, 3, 6, 1, 0.09865334614666582, 0.06982724704780596, 0.18462413344451067, 23.605350398935922, 22, 23, 27
112, VENTALV, 2, 2, 4, 2, 0.0755036371477461, 0.05882503464169275, 0.14538714206402936, 23.21211242376401, 22, 23, 27
113, MINVOL, 2, 0, 2, 2, 0.2234366722253283, 0.12383426629313299, 0.3418021417255316, 27.523524612122348, 24, 23, 29
113, PVSAT, 2, 1, 3, 3, 0.18796410137221753, 0.1052251782143695, 0.2568416984986388, 26.445509988585737, 24, 21, 27
113, SAO2, 2, 1, 3, 4, 0.1737874928783035, 0.08994939760740939, 0.2178945573086064, 24.233740647822934, 24, 18, 25
113, PRESS, 3, 0, 3, 1, 0.1127409181236988, 0.04429599102138643, 0.1865240505058523, 23.582882469902543, 24, 22, 29
113, DISCONNECT, 0, 1, 1, 1, 0.13635231769227954, 0.11055944225832276, 0.2335811113253602, 25.18152825547359, 24, 25, 27
113, MINVOLSET, 0, 1, 1, 2, 0.1307920801358423, 0.1068513301042871, 0.27187256084795786, 24.446874641585524, 24, 24, 32
113, VENTMACH, 1, 1, 2, 1, 0.215691761607368, 0.1946670917988561, 0.47515118501539233, 27.57247529167002, 24, 27, 33
113, VENTLUNG, 3, 3, 6, 1, 0.20965167718259334, 0.10388530854612671, 0.3045065339597598, 27.131482631517812, 24, 20, 29
113, VENTALV, 2, 2, 4, 2, 0.21776018715555298, 0.12191685459485413, 0.3337498682564525, 28.081744569892173, 24, 25, 29
113, ARTCO2, 1, 2, 3, 3, 0.19401815189797023, 0.10154252216343279, 0.24952438971831137, 25.25768137111786, 24, 22, 26
114, MINVOL, 2, 0, 2, 2, 0.252871766860316, 0.14457525615488115, 0.38236083450519076, 27.322474722126522, 24, 23, 29
114, PVSAT, 2, 1, 3, 3, 0.22213171933440456, 0.12478692914097389, 0.29765812859029517, 26.26798902765922, 24, 18, 27
114, SAO2, 2, 1, 3, 4, 0.20645720370386234, 0.1083870402207544, 0.25585558835428146, 23.918900189809996, 24, 18, 25
114, PRESS, 3, 0, 3, 1, 0.11556387470186817, 0.05121222307430667, 0.2077766845462944, 23.531556614909796, 24, 22, 29
114, DISCONNECT, 0, 1, 1, 1, 0.14480639979277976, 0.11701407728562974, 0.24377842078733614, 25.199999999517328, 24, 25, 27
114, MINVOLSET, 0, 1, 1, 2, 0.14307839969680275, 0.11798138852409507, 0.2957833502959577, 24.49999999861302, 24, 24, 32
114, VENTMACH, 1, 1, 2, 1, 0.23458636753422543, 0.21350412241251293, 0.513555816204934, 27.635999998341255, 24, 27, 33
114, VENTLUNG, 3, 3, 6, 1, 0.24076357827053751, 0.12448384044288502, 0.3450613213854856, 27.27321671664897, 24, 22, 29
114, VENTALV, 2, 2, 4, 2, 0.24643124781591286, 0.14194462770256255, 0.3741879118788507, 27.937872307248988, 24, 25, 29
114, ARTCO2, 1, 2, 3, 3, 0.22671556207198285, 0.11999616812437308, 0.2879436178893091, 25.094072959977375, 24, 22, 26
115, MINVOL, 2, 0, 2, 2, 0.3426787310345196, 0.21096346947205458, 0.4967272762017405, 26.29237177159763, 24, 23, 29
115, PVSAT, 2, 1, 3, 3, 0.33092741832285605, 0.1842211177381361, 0.4095808422211179, 25.548539597914214, 24, 15, 27
115, SAO2, 2, 1, 3, 4, 0.3105098017983021, 0.16399902006618838, 0.35902433624996855, 23.1339437383377, 24, 14, 25
115, PRESS, 3, 0, 3, 1, 0.1195195526919878, 0.09596156531264455, 0.3139968105972937, 20.048656841634767, 24, 17, 29
115, DISCONNECT, 0, 1, 1, 1, 0.1715891375998656, 0.13420111153150194, 0.2764977468328895, 25.441830560209223, 24, 25, 28
115, MINVOLSET, 0, 1, 1, 2, 0.18499447103849953, 0.15859999473830838, 0.3868829841728192, 24.77171173605986, 24, 24, 32
115, VENTMACH, 1, 1, 2, 1, 0.2983912038439623, 0.28179205393809076, 0.65824650022955, 27.312686460326027, 24, 26, 33
115, VENTLUNG, 3, 3, 6, 1, 0.341138735957665, 0.19502415168854287, 0.47091400516186865, 25.697789275779137, 24, 21, 29
115, VENTALV, 2, 2, 4, 2, 0.3383788686314099, 0.20379014610545643, 0.4840341748083218, 27.137147780052388, 24, 25, 29
115, ARTCO2, 1, 2, 3, 3, 0.3163736243374885, 0.1737895423844099, 0.38739656555268054, 24.255438744282973, 24, 22, 26
116, MINVOL, 2, 0, 2, 2, 0.252871766860316, 0.14457525615488087, 0.38236083450519054, 29.322474722126525, 26, 25, 31
116, PVSAT, 2, 1, 3, 3, 0.2221317193344045, 0.12478692914097356, 0.29765812859029506, 28.246065238620407, 26, 19, 29
116, SAO2, 2, 1, 3, 4, 0.20645720370386222, 0.10838704022075418, 0.25585558835428146, 25.91890018981, 26, 20, 27
116, PRESS, 3, 0, 3, 1, 0.11556387470186821, 0.05121222307430634, 0.2077766845462944, 25.531556614909796, 26, 24, 31
116, DISCONNECT, 0, 1, 1, 1, 0.14480639979277976, 0.11701407728562985, 0.24377842078733625, 27.199999999517328, 26, 27, 29
116, MINVOLSET, 0, 1, 1, 2, 0.1430783996968027, 0.11798138852409484, 0.2957833502959577, 26.49999999861302, 26, 26, 34
116, VENTMACH, 1, 1, 2, 1, 0.23458636753422535, 0.2135041224125127, 0.513555816204934, 29.63599999834125, 26, 29, 35
116, VENTLUNG, 3, 3, 6, 1, 0.24076357827053763, 0.12448384044288507, 0.3450613213854856, 29.273216716648975, 26, 24, 31
116, VENTALV, 2, 2, 4, 2, 0.2464312478159128, 0.14194462770256233, 0.3741879118788507, 29.937872307248988, 26, 27, 31
116, ARTCO2, 1, 2, 3, 3, 0.22671556207198285, 0.11999616812437286, 0.2879436178893089, 27.094072959977375, 26, 24, 28
